datum,tijd,cat,counter,datetime,dag,tijduren,dagdeel,etmaalGemiddeldeTempGradenCelsius,zonneschijnUren,stralingJoulePerVierkanteCm,EtmaalNeerslagMM,gemLuchtdrukHectoPascal,Open,High,Low,Close,Volume,Adjusted Close
2015-06-05,11:26,roel alleen,1,2015-06-05T09:26:00Z,vrijdag,11.4333333333333,ochtend,19.8,8,2121,2.3,1016.9,481.73999,483.029999,477.140015,479.380005,0,479.380005
2015-06-05,09:17,roel alleen,1,2015-06-05T07:17:00Z,vrijdag,9.28333333333333,ochtend,19.8,8,2121,2.3,1016.9,481.73999,483.029999,477.140015,479.380005,0,479.380005
2015-06-04,16:15,roel alleen,1,2015-06-04T14:15:00Z,donderdag,16.25,middag,15.4,15.1,2940,0,1026.1,485.829987,489.399994,478.399994,485.290009,0,485.290009
2015-06-04,08:15,roel alleen,1,2015-06-04T06:15:00Z,donderdag,8.25,ochtend,15.4,15.1,2940,0,1026.1,485.829987,489.399994,478.399994,485.290009,0,485.290009
2015-06-03,10:42,roel alleen,1,2015-06-03T08:42:00Z,woensdag,10.7,ochtend,13.3,10,2418,0,1021.9,487.269989,492.769989,485.440002,487.73999,0,487.73999
2015-06-02,17:05,roel alleen,1,2015-06-02T15:05:00Z,dinsdag,17.0833333333333,middag,14.4,0,376,2,1008.1,493.850006,493.850006,485.589996,486.5,0,486.5
2015-06-02,09:22,roel alleen,1,2015-06-02T07:22:00Z,dinsdag,9.36666666666667,ochtend,14.4,0,376,2,1008.1,493.850006,493.850006,485.589996,486.5,0,486.5
2015-06-02,08:46,roel alleen,1,2015-06-02T06:46:00Z,dinsdag,8.76666666666667,ochtend,14.4,0,376,2,1008.1,493.850006,493.850006,485.589996,486.5,0,486.5
2015-06-01,09:40,roel alleen,1,2015-06-01T07:40:00Z,maandag,9.66666666666667,ochtend,12.6,6.3,2172,-0.1,1014.2,496.880005,498.829987,491.359985,492.25,0,492.25
2015-06-01,09:08,roel alleen,1,2015-06-01T07:08:00Z,maandag,9.13333333333333,ochtend,12.6,6.3,2172,-0.1,1014.2,496.880005,498.829987,491.359985,492.25,0,492.25
2015-05-31,13:02,roel alleen,1,2015-05-31T11:02:00Z,zondag,13.0333333333333,middag,12.5,0.2,713,8.6,1008.9,NA,NA,NA,NA,NA,NA
2015-05-31,12:34,roel alleen,1,2015-05-31T10:34:00Z,zondag,12.5666666666667,middag,12.5,0.2,713,8.6,1008.9,NA,NA,NA,NA,NA,NA
2015-05-31,12:20,roel alleen,1,2015-05-31T10:20:00Z,zondag,12.3333333333333,middag,12.5,0.2,713,8.6,1008.9,NA,NA,NA,NA,NA,NA
2015-05-30,13:37,roel alleen,1,2015-05-30T11:37:00Z,zaterdag,13.6166666666667,middag,11.3,13,2709,0,1013.4,NA,NA,NA,NA,NA,NA
2015-05-30,11:58,roel alleen,1,2015-05-30T09:58:00Z,zaterdag,11.9666666666667,ochtend,11.3,13,2709,0,1013.4,NA,NA,NA,NA,NA,NA
2015-05-30,11:17,roel alleen,1,2015-05-30T09:17:00Z,zaterdag,11.2833333333333,ochtend,11.3,13,2709,0,1013.4,NA,NA,NA,NA,NA,NA
2015-05-29,09:52,roel alleen,1,2015-05-29T07:52:00Z,vrijdag,9.86666666666667,ochtend,11.1,0.6,860,9.5,1008.1,502.5,503.01001,493.48999,493.559998,0,493.559998
2015-05-28,11:13,roel alleen,1,2015-05-28T09:13:00Z,donderdag,11.2166666666667,ochtend,12.6,8.5,1982,-0.1,1013.4,503.059998,504.799988,499.859985,502.23999,0,502.23999
2015-05-27,14:40,roel alleen,1,2015-05-27T12:40:00Z,woensdag,14.6666666666667,middag,12.4,8.3,2436,0,1021.4,496.929993,504.769989,496.679993,503.519989,0,503.519989
2015-05-27,09:29,roel alleen,1,2015-05-27T07:29:00Z,woensdag,9.48333333333333,ochtend,12.4,8.3,2436,0,1021.4,496.929993,504.769989,496.679993,503.519989,0,503.519989
2015-05-27,08:43,roel alleen,1,2015-05-27T06:43:00Z,woensdag,8.71666666666667,ochtend,12.4,8.3,2436,0,1021.4,496.929993,504.769989,496.679993,503.519989,0,503.519989
2015-05-26,12:27,roel alleen,1,2015-05-26T10:27:00Z,dinsdag,12.45,middag,11.5,8.7,2479,-0.1,1022.5,500.089996,502.690002,495,496.350006,0,496.350006
2015-05-26,09:18,roel alleen,1,2015-05-26T07:18:00Z,dinsdag,9.3,ochtend,11.5,8.7,2479,-0.1,1022.5,500.089996,502.690002,495,496.350006,0,496.350006
2015-05-25,10:38,roel alleen,1,2015-05-25T08:38:00Z,maandag,10.6333333333333,ochtend,11.7,5.3,1832,-0.1,1017.4,502.690002,503.049988,498.950012,501.140015,17128100,501.140015
2015-05-24,12:04,roel alleen,1,2015-05-24T10:04:00Z,zondag,12.0666666666667,middag,11.4,12.6,2791,0.6,1019.7,NA,NA,NA,NA,NA,NA
2015-05-24,11:19,roel alleen,1,2015-05-24T09:19:00Z,zondag,11.3166666666667,ochtend,11.4,12.6,2791,0.6,1019.7,NA,NA,NA,NA,NA,NA
2015-05-24,09:40,roel alleen,1,2015-05-24T07:40:00Z,zondag,9.66666666666667,ochtend,11.4,12.6,2791,0.6,1019.7,NA,NA,NA,NA,NA,NA
2015-05-23,15:45,roel alleen,1,2015-05-23T13:45:00Z,zaterdag,15.75,middag,11.7,6.6,1771,0.5,1023.1,NA,NA,NA,NA,NA,NA
2015-05-23,10:45,roel alleen,1,2015-05-23T08:45:00Z,zaterdag,10.75,ochtend,11.7,6.6,1771,0.5,1023.1,NA,NA,NA,NA,NA,NA
2015-05-22,13:13,roel alleen,1,2015-05-22T11:13:00Z,vrijdag,13.2166666666667,middag,13.9,3,1790,0,1024.8,502.100006,503.209991,500.029999,501.890015,0,501.890015
2015-05-22,08:55,roel alleen,1,2015-05-22T06:55:00Z,vrijdag,8.91666666666667,ochtend,13.9,3,1790,0,1024.8,502.100006,503.209991,500.029999,501.890015,0,501.890015
2015-05-21,09:53,roel alleen,1,2015-05-21T07:53:00Z,donderdag,9.88333333333333,ochtend,11.9,14.1,2768,0,1025.2,500.75,502.480011,499.51001,502.049988,0,502.049988
2015-05-21,09:42,roel alleen,1,2015-05-21T07:42:00Z,donderdag,9.7,ochtend,11.9,14.1,2768,0,1025.2,500.75,502.480011,499.51001,502.049988,0,502.049988
2015-05-20,14:00,roel alleen,1,2015-05-20T12:00:00Z,woensdag,14,middag,10.4,12.5,2346,0,1015.2,499.839996,503.019989,498.470001,501.899994,0,501.899994
2015-05-20,08:49,roel alleen,1,2015-05-20T06:49:00Z,woensdag,8.81666666666667,ochtend,10.4,12.5,2346,0,1015.2,499.839996,503.019989,498.470001,501.899994,0,501.899994
2015-05-19,08:45,roel alleen,1,2015-05-19T06:45:00Z,dinsdag,8.75,ochtend,10.4,10.8,1986,3.7,1004.9,493.130005,499.700012,492.940002,499.179993,0,499.179993
2015-05-19,08:34,roel alleen,1,2015-05-19T06:34:00Z,dinsdag,8.56666666666667,ochtend,10.4,10.8,1986,3.7,1004.9,493.130005,499.700012,492.940002,499.179993,0,499.179993
2015-05-18,18:44,roel alleen,1,2015-05-18T16:44:00Z,maandag,18.7333333333333,avond,10.5,1.9,668,9.2,1007.3,491.130005,492.829987,484.23999,490.149994,0,490.149994
2015-05-18,13:21,roel alleen,1,2015-05-18T11:21:00Z,maandag,13.35,middag,10.5,1.9,668,9.2,1007.3,491.130005,492.829987,484.23999,490.149994,0,490.149994
2015-05-18,11:06,roel alleen,1,2015-05-18T09:06:00Z,maandag,11.1,ochtend,10.5,1.9,668,9.2,1007.3,491.130005,492.829987,484.23999,490.149994,0,490.149994
2015-05-18,07:26,roel alleen,1,2015-05-18T05:26:00Z,maandag,7.43333333333333,ochtend,10.5,1.9,668,9.2,1007.3,491.130005,492.829987,484.23999,490.149994,0,490.149994
2015-05-18,06:45,roel alleen,1,2015-05-18T04:45:00Z,maandag,6.75,ochtend,10.5,1.9,668,9.2,1007.3,491.130005,492.829987,484.23999,490.149994,0,490.149994
2015-05-17,11:51,roel alleen,1,2015-05-17T09:51:00Z,zondag,11.85,ochtend,11.1,12.1,2493,0,1023.6,NA,NA,NA,NA,NA,NA
2015-05-17,10:51,roel alleen,1,2015-05-17T08:51:00Z,zondag,10.85,ochtend,11.1,12.1,2493,0,1023.6,NA,NA,NA,NA,NA,NA
2015-05-16,12:58,roel alleen,1,2015-05-16T10:58:00Z,zaterdag,12.9666666666667,middag,10.8,3.3,1066,2.2,1022.9,NA,NA,NA,NA,NA,NA
2015-05-16,11:43,roel alleen,1,2015-05-16T09:43:00Z,zaterdag,11.7166666666667,ochtend,10.8,3.3,1066,2.2,1022.9,NA,NA,NA,NA,NA,NA
2015-05-15,10:12,roel alleen,1,2015-05-15T08:12:00Z,vrijdag,10.2,ochtend,8.6,7.7,2125,0,1020,492.380005,495.440002,489.079987,490.959991,0,490.959991
2015-05-14,10:22,roel alleen,1,2015-05-14T08:22:00Z,donderdag,10.3666666666667,ochtend,11.4,8.9,2393,0,1014.1,484.309998,491.940002,481.059998,490.690002,0,490.690002
2015-05-14,09:22,roel alleen,1,2015-05-14T07:22:00Z,donderdag,9.36666666666667,ochtend,11.4,8.9,2393,0,1014.1,484.309998,491.940002,481.059998,490.690002,0,490.690002
2015-05-13,13:21,roel alleen,1,2015-05-13T11:21:00Z,woensdag,13.35,middag,11.2,13.8,2691,0,1018.9,490.079987,492.579987,484.850006,486.690002,0,486.690002
2015-05-13,11:32,roel alleen,1,2015-05-13T09:32:00Z,woensdag,11.5333333333333,ochtend,11.2,13.8,2691,0,1018.9,490.079987,492.579987,484.850006,486.690002,0,486.690002
2015-05-13,09:33,roel alleen,1,2015-05-13T07:33:00Z,woensdag,9.55,ochtend,11.2,13.8,2691,0,1018.9,490.079987,492.579987,484.850006,486.690002,0,486.690002
2015-05-12,14:15,roel alleen,1,2015-05-12T12:15:00Z,dinsdag,14.25,middag,13.5,8,2104,0,1018.1,490.73999,490.799988,486.019989,488.970001,0,488.970001
2015-05-12,09:59,roel alleen,1,2015-05-12T07:59:00Z,dinsdag,9.98333333333333,ochtend,13.5,8,2104,0,1018.1,490.73999,490.799988,486.019989,488.970001,0,488.970001
2015-05-11,13:18,roel alleen,1,2015-05-11T11:18:00Z,maandag,13.3,middag,16.4,9.2,2243,0,1019.4,491.399994,493.470001,489.410004,492.75,0,492.75
2015-05-11,11:58,roel alleen,1,2015-05-11T09:58:00Z,maandag,11.9666666666667,ochtend,16.4,9.2,2243,0,1019.4,491.399994,493.470001,489.410004,492.75,0,492.75
2015-05-11,07:48,roel alleen,1,2015-05-11T05:48:00Z,maandag,7.8,ochtend,16.4,9.2,2243,0,1019.4,491.399994,493.470001,489.410004,492.75,0,492.75
2015-05-10,10:19,roel alleen,1,2015-05-10T08:19:00Z,zondag,10.3166666666667,ochtend,11.9,12.2,2369,0,1025.1,NA,NA,NA,NA,NA,NA
2015-05-10,09:47,roel alleen,1,2015-05-10T07:47:00Z,zondag,9.78333333333333,ochtend,11.9,12.2,2369,0,1025.1,NA,NA,NA,NA,NA,NA
2015-05-09,14:34,roel alleen,1,2015-05-09T12:34:00Z,zaterdag,14.5666666666667,middag,12.6,4,1564,0.1,1016.3,NA,NA,NA,NA,NA,NA
2015-05-09,14:06,roel alleen,1,2015-05-09T12:06:00Z,zaterdag,14.1,middag,12.6,4,1564,0.1,1016.3,NA,NA,NA,NA,NA,NA
2015-05-09,10:35,roel alleen,1,2015-05-09T08:35:00Z,zaterdag,10.5833333333333,ochtend,12.6,4,1564,0.1,1016.3,NA,NA,NA,NA,NA,NA
2015-05-09,09:48,roel alleen,1,2015-05-09T07:48:00Z,zaterdag,9.8,ochtend,12.6,4,1564,0.1,1016.3,NA,NA,NA,NA,NA,NA
2015-05-08,17:12,roel alleen,1,2015-05-08T15:12:00Z,vrijdag,17.2,middag,13.9,3.6,1654,0.4,1014.9,482.380005,491.100006,481.559998,490.790009,0,490.790009
2015-05-08,10:57,roel alleen,1,2015-05-08T08:57:00Z,vrijdag,10.95,ochtend,13.9,3.6,1654,0.4,1014.9,482.380005,491.100006,481.559998,490.790009,0,490.790009
2015-05-07,08:35,roel alleen,1,2015-05-07T06:35:00Z,donderdag,8.58333333333333,ochtend,11.4,12.4,2488,-0.1,1016.5,474.839996,479.890015,469.820007,478.779999,0,478.779999
2015-05-06,15:28,roel alleen,1,2015-05-06T13:28:00Z,woensdag,15.4666666666667,middag,11.8,7.4,1577,3.9,1008,482.290009,483.869995,476.959991,478.149994,0,478.149994
2015-05-06,11:14,roel alleen,1,2015-05-06T09:14:00Z,woensdag,11.2333333333333,ochtend,11.8,7.4,1577,3.9,1008,482.290009,483.869995,476.959991,478.149994,0,478.149994
2015-05-06,08:14,roel alleen,1,2015-05-06T06:14:00Z,woensdag,8.23333333333333,ochtend,11.8,7.4,1577,3.9,1008,482.290009,483.869995,476.959991,478.149994,0,478.149994
2015-05-04,13:00,roel alleen,1,2015-05-04T11:00:00Z,maandag,13,middag,14.6,8.2,2113,3.6,1004.4,488.23999,493.359985,484.549988,491.170013,0,491.170013
2015-05-04,08:05,roel alleen,1,2015-05-04T06:05:00Z,maandag,8.08333333333333,ochtend,14.6,8.2,2113,3.6,1004.4,488.23999,493.359985,484.549988,491.170013,0,491.170013
2015-05-02,10:42,roel alleen,1,2015-05-02T08:42:00Z,zaterdag,10.7,ochtend,9.6,12.9,2372,0,1011.4,NA,NA,NA,NA,NA,NA
2015-05-02,10:15,roel alleen,1,2015-05-02T08:15:00Z,zaterdag,10.25,ochtend,9.6,12.9,2372,0,1011.4,NA,NA,NA,NA,NA,NA
2015-04-30,14:19,roel alleen,1,2015-04-30T12:19:00Z,donderdag,14.3166666666667,middag,8.6,11.7,2176,1.7,1011.3,490.029999,491.320007,484.799988,487.850006,0,487.850006
2015-04-28,13:46,roel alleen,1,2015-04-28T11:46:00Z,dinsdag,13.7666666666667,middag,6.5,10.8,2133,0.3,1016.4,507.790009,507.970001,498.329987,501.660004,0,501.660004
2015-04-25,10:33,roel alleen,1,2015-04-25T08:33:00Z,zaterdag,10.55,ochtend,12.2,2.9,928,0.9,1006.8,NA,NA,NA,NA,NA,NA
2015-04-24,15:17,roel alleen,1,2015-04-24T13:17:00Z,vrijdag,15.2833333333333,middag,10.9,9.7,2023,0,1011.6,504.070007,506.209991,502.619995,504.01001,0,504.01001
2015-04-24,13:26,roel alleen,1,2015-04-24T11:26:00Z,vrijdag,13.4333333333333,middag,10.9,9.7,2023,0,1011.6,504.070007,506.209991,502.619995,504.01001,0,504.01001
2015-04-23,14:37,roel alleen,1,2015-04-23T12:37:00Z,donderdag,14.6166666666667,middag,8.2,9,2100,0,1020,504.98999,506.820007,499.269989,503,0,503
2015-04-23,09:03,roel alleen,1,2015-04-23T07:03:00Z,donderdag,9.05,ochtend,8.2,9,2100,0,1020,504.98999,506.820007,499.269989,503,0,503
2015-04-22,13:54,roel alleen,1,2015-04-22T11:54:00Z,woensdag,13.9,middag,7.8,0.4,921,0,1029.1,507.549988,508.730011,502.350006,505.720001,0,505.720001
2015-04-21,10:11,roel alleen,1,2015-04-21T08:11:00Z,dinsdag,10.1833333333333,ochtend,8.5,12.4,2298,0,1032.9,503.410004,506.850006,501.130005,503.809998,0,503.809998
2015-04-20,11:36,roel alleen,1,2015-04-20T09:36:00Z,maandag,11.6,ochtend,10.1,12.5,2321,0,1029.5,497.279999,501.410004,496.970001,500.730011,0,500.730011
2015-04-20,11:02,roel alleen,1,2015-04-20T09:02:00Z,maandag,11.0333333333333,ochtend,10.1,12.5,2321,0,1029.5,497.279999,501.410004,496.970001,500.730011,0,500.730011
2015-04-18,10:33,roel alleen,1,2015-04-18T08:33:00Z,zaterdag,10.55,ochtend,8.3,13,2276,0,1027.7,NA,NA,NA,NA,NA,NA
2015-04-18,08:59,roel alleen,1,2015-04-18T06:59:00Z,zaterdag,8.98333333333333,ochtend,8.3,13,2276,0,1027.7,NA,NA,NA,NA,NA,NA
2015-04-17,15:51,roel alleen,1,2015-04-17T13:51:00Z,vrijdag,15.85,middag,8.2,7.5,1665,0,1021.1,502.980011,503.880005,493.279999,495.029999,0,495.029999
2015-04-17,09:26,roel alleen,1,2015-04-17T07:26:00Z,vrijdag,9.43333333333333,ochtend,8.2,7.5,1665,0,1021.1,502.980011,503.880005,493.279999,495.029999,0,495.029999
2015-04-17,09:21,roel alleen,1,2015-04-17T07:21:00Z,vrijdag,9.35,ochtend,8.2,7.5,1665,0,1021.1,502.980011,503.880005,493.279999,495.029999,0,495.029999
2015-04-16,15:03,roel alleen,1,2015-04-16T13:03:00Z,donderdag,15.05,middag,9.8,10.1,2091,0,1017,508.220001,509.51001,503.850006,504.380005,0,504.380005
2015-04-15,12:56,roel alleen,1,2015-04-15T10:56:00Z,woensdag,12.9333333333333,middag,12.7,12.7,2175,0,1017.2,506.480011,510.350006,505.279999,507.429993,0,507.429993
2015-04-15,12:34,roel alleen,1,2015-04-15T10:34:00Z,woensdag,12.5666666666667,middag,12.7,12.7,2175,0,1017.2,506.480011,510.350006,505.279999,507.429993,0,507.429993
2015-04-15,09:44,roel alleen,1,2015-04-15T07:44:00Z,woensdag,9.73333333333333,ochtend,12.7,12.7,2175,0,1017.2,506.480011,510.350006,505.279999,507.429993,0,507.429993
2015-04-15,09:34,roel alleen,1,2015-04-15T07:34:00Z,woensdag,9.56666666666667,ochtend,12.7,12.7,2175,0,1017.2,506.480011,510.350006,505.279999,507.429993,0,507.429993
2015-04-14,16:10,roel alleen,1,2015-04-14T14:10:00Z,dinsdag,16.1666666666667,middag,10.9,11.6,2144,0,1024.6,507.630005,510.369995,503.839996,505.859985,0,505.859985
2015-04-14,09:15,roel alleen,1,2015-04-14T07:15:00Z,dinsdag,9.25,ochtend,10.9,11.6,2144,0,1024.6,507.630005,510.369995,503.839996,505.859985,0,505.859985
2015-04-14,08:48,roel alleen,1,2015-04-14T06:48:00Z,dinsdag,8.8,ochtend,10.9,11.6,2144,0,1024.6,507.630005,510.369995,503.839996,505.859985,0,505.859985
2015-04-13,18:48,roel alleen,1,2015-04-13T16:48:00Z,maandag,18.8,avond,7.5,9.1,1760,-0.1,1031,507.5,509.640015,505.619995,508.660004,0,508.660004
2015-04-13,13:12,roel alleen,1,2015-04-13T11:12:00Z,maandag,13.2,middag,7.5,9.1,1760,-0.1,1031,507.5,509.640015,505.619995,508.660004,0,508.660004
2015-04-13,10:04,roel alleen,1,2015-04-13T08:04:00Z,maandag,10.0666666666667,ochtend,7.5,9.1,1760,-0.1,1031,507.5,509.640015,505.619995,508.660004,0,508.660004
2015-04-13,09:12,roel alleen,1,2015-04-13T07:12:00Z,maandag,9.2,ochtend,7.5,9.1,1760,-0.1,1031,507.5,509.640015,505.619995,508.660004,0,508.660004
2015-04-12,10:56,roel alleen,1,2015-04-12T08:56:00Z,zondag,10.9333333333333,ochtend,9.6,9.8,1929,0.4,1026.1,NA,NA,NA,NA,NA,NA
2015-04-11,12:24,roel alleen,1,2015-04-11T10:24:00Z,zaterdag,12.4,middag,8.5,4.2,892,4,1018.9,NA,NA,NA,NA,NA,NA
2015-04-11,11:11,roel alleen,1,2015-04-11T09:11:00Z,zaterdag,11.1833333333333,ochtend,8.5,4.2,892,4,1018.9,NA,NA,NA,NA,NA,NA
2015-04-11,09:37,roel alleen,1,2015-04-11T07:37:00Z,zaterdag,9.61666666666667,ochtend,8.5,4.2,892,4,1018.9,NA,NA,NA,NA,NA,NA
2015-04-09,08:54,roel alleen,1,2015-04-09T06:54:00Z,donderdag,8.9,ochtend,8.8,10.4,1837,0,1026.9,499.76001,501.970001,498.540009,501.970001,0,501.970001
2015-04-08,14:57,roel alleen,1,2015-04-08T12:57:00Z,woensdag,14.95,middag,7,6.4,1517,0,1033.8,500.609985,500.869995,496.589996,497.160004,0,497.160004
2015-04-08,13:14,roel alleen,1,2015-04-08T11:14:00Z,woensdag,13.2333333333333,middag,7,6.4,1517,0,1033.8,500.609985,500.869995,496.589996,497.160004,0,497.160004
2015-04-08,09:30,roel alleen,1,2015-04-08T07:30:00Z,woensdag,9.5,ochtend,7,6.4,1517,0,1033.8,500.609985,500.869995,496.589996,497.160004,0,497.160004
2015-04-07,14:43,roel alleen,1,2015-04-07T12:43:00Z,dinsdag,14.7166666666667,middag,5.1,7.3,1583,0,1036.1,496.049988,504.179993,495.859985,503.029999,0,503.029999
2015-04-07,10:12,roel alleen,1,2015-04-07T08:12:00Z,dinsdag,10.2,ochtend,5.1,7.3,1583,0,1036.1,496.049988,504.179993,495.859985,503.029999,0,503.029999
2015-04-05,10:48,roel alleen,1,2015-04-05T08:48:00Z,zondag,10.8,ochtend,4,12.2,1983,0,1027.2,NA,NA,NA,NA,NA,NA
2015-04-05,10:18,roel alleen,1,2015-04-05T08:18:00Z,zondag,10.3,ochtend,4,12.2,1983,0,1027.2,NA,NA,NA,NA,NA,NA
2015-04-04,09:09,roel alleen,1,2015-04-04T07:09:00Z,zaterdag,9.15,ochtend,5,4.1,956,1.9,1021.2,NA,NA,NA,NA,NA,NA
2015-04-04,08:50,roel alleen,1,2015-04-04T06:50:00Z,zaterdag,8.83333333333333,ochtend,5,4.1,956,1.9,1021.2,NA,NA,NA,NA,NA,NA
2015-04-03,11:29,roel alleen,1,2015-04-03T09:29:00Z,vrijdag,11.4833333333333,ochtend,6.3,1.3,928,-0.1,1019.4,NA,NA,NA,NA,NA,NA
2015-04-02,15:58,roel alleen,1,2015-04-02T13:58:00Z,donderdag,15.9666666666667,middag,6,8,1721,3.3,1018.2,491.01001,493.140015,489.910004,492.380005,0,492.380005
2015-04-01,13:34,roel alleen,1,2015-04-01T11:34:00Z,woensdag,13.5666666666667,middag,6.8,5.9,1191,2.3,1016.5,486.839996,494.799988,485.829987,490.040009,0,490.040009
2015-04-01,09:31,roel alleen,1,2015-04-01T07:31:00Z,woensdag,9.51666666666667,ochtend,6.8,5.9,1191,2.3,1016.5,486.839996,494.799988,485.829987,490.040009,0,490.040009
2015-03-31,14:26,roel alleen,1,2015-03-31T12:26:00Z,dinsdag,14.4333333333333,middag,8.6,6.6,1468,10.9,1001.4,495.119995,496.269989,487.570007,489.410004,0,489.410004
2015-03-31,10:37,roel alleen,1,2015-03-31T08:37:00Z,dinsdag,10.6166666666667,ochtend,8.6,6.6,1468,10.9,1001.4,495.119995,496.269989,487.570007,489.410004,0,489.410004
2015-03-31,10:23,roel alleen,1,2015-03-31T08:23:00Z,dinsdag,10.3833333333333,ochtend,8.6,6.6,1468,10.9,1001.4,495.119995,496.269989,487.570007,489.410004,0,489.410004
2015-03-30,13:38,roel alleen,1,2015-03-30T11:38:00Z,maandag,13.6333333333333,middag,7.2,7.2,1348,7.2,1003.7,489.529999,495.029999,488.589996,494.690002,0,494.690002
2015-03-30,11:04,roel alleen,1,2015-03-30T09:04:00Z,maandag,11.0666666666667,ochtend,7.2,7.2,1348,7.2,1003.7,489.529999,495.029999,488.589996,494.690002,0,494.690002
2015-03-30,09:08,roel alleen,1,2015-03-30T07:08:00Z,maandag,9.13333333333333,ochtend,7.2,7.2,1348,7.2,1003.7,489.529999,495.029999,488.589996,494.690002,0,494.690002
2015-03-28,13:14,roel alleen,1,2015-03-28T12:14:00Z,zaterdag,13.2333333333333,middag,7.5,0,351,1.6,1012.8,NA,NA,NA,NA,NA,NA
2015-03-28,11:13,roel alleen,1,2015-03-28T10:13:00Z,zaterdag,11.2166666666667,ochtend,7.5,0,351,1.6,1012.8,NA,NA,NA,NA,NA,NA
2015-03-27,16:03,roel alleen,1,2015-03-27T15:03:00Z,vrijdag,16.05,middag,5.8,5.3,1175,0,1017.9,488.399994,488.600006,483.440002,485.730011,0,485.730011
2015-03-27,13:37,roel alleen,1,2015-03-27T12:37:00Z,vrijdag,13.6166666666667,middag,5.8,5.3,1175,0,1017.9,488.399994,488.600006,483.440002,485.730011,0,485.730011
2015-03-27,12:36,roel alleen,1,2015-03-27T11:36:00Z,vrijdag,12.6,middag,5.8,5.3,1175,0,1017.9,488.399994,488.600006,483.440002,485.730011,0,485.730011
2015-03-27,09:10,roel alleen,1,2015-03-27T08:10:00Z,vrijdag,9.16666666666667,ochtend,5.8,5.3,1175,0,1017.9,488.399994,488.600006,483.440002,485.730011,0,485.730011
2015-03-27,09:00,roel alleen,1,2015-03-27T08:00:00Z,vrijdag,9,ochtend,5.8,5.3,1175,0,1017.9,488.399994,488.600006,483.440002,485.730011,0,485.730011
2015-03-26,19:06,roel alleen,1,2015-03-26T18:06:00Z,donderdag,19.1,avond,5,1,495,6.8,1006.3,486.279999,487.480011,480.959991,486.369995,0,486.369995
2015-03-26,14:07,roel alleen,1,2015-03-26T13:07:00Z,donderdag,14.1166666666667,middag,5,1,495,6.8,1006.3,486.279999,487.480011,480.959991,486.369995,0,486.369995
2015-03-26,12:46,roel alleen,1,2015-03-26T11:46:00Z,donderdag,12.7666666666667,middag,5,1,495,6.8,1006.3,486.279999,487.480011,480.959991,486.369995,0,486.369995
2015-03-26,10:46,roel alleen,1,2015-03-26T09:46:00Z,donderdag,10.7666666666667,ochtend,5,1,495,6.8,1006.3,486.279999,487.480011,480.959991,486.369995,0,486.369995
2015-03-25,16:34,roel alleen,1,2015-03-25T15:34:00Z,woensdag,16.5666666666667,middag,6,0.1,509,5.6,1008.2,497.350006,499.679993,490.920013,491.640015,0,491.640015
2015-03-25,14:43,roel alleen,1,2015-03-25T13:43:00Z,woensdag,14.7166666666667,middag,6,0.1,509,5.6,1008.2,497.350006,499.679993,490.920013,491.640015,0,491.640015
2015-03-25,13:59,roel alleen,1,2015-03-25T12:59:00Z,woensdag,13.9833333333333,middag,6,0.1,509,5.6,1008.2,497.350006,499.679993,490.920013,491.640015,0,491.640015
2015-03-25,10:28,roel alleen,1,2015-03-25T09:28:00Z,woensdag,10.4666666666667,ochtend,6,0.1,509,5.6,1008.2,497.350006,499.679993,490.920013,491.640015,0,491.640015
2015-03-24,11:33,roel alleen,1,2015-03-24T10:33:00Z,dinsdag,11.55,ochtend,5.1,3.1,869,0.5,1008.4,495.75,500.440002,494.98999,498.660004,0,498.660004
2015-03-23,14:57,roel alleen,1,2015-03-23T13:57:00Z,maandag,14.95,middag,2.5,5.5,1005,0,1015.8,499.559998,499.649994,495.320007,497.549988,0,497.549988
2015-03-23,13:21,roel alleen,1,2015-03-23T12:21:00Z,maandag,13.35,middag,2.5,5.5,1005,0,1015.8,499.559998,499.649994,495.320007,497.549988,0,497.549988
2015-03-23,09:49,roel alleen,1,2015-03-23T08:49:00Z,maandag,9.81666666666667,ochtend,2.5,5.5,1005,0,1015.8,499.559998,499.649994,495.320007,497.549988,0,497.549988
2015-03-22,11:58,roel alleen,1,2015-03-22T10:58:00Z,zondag,11.9666666666667,ochtend,4.3,5.9,1182,0,1025.2,NA,NA,NA,NA,NA,NA
2015-03-22,11:14,roel alleen,1,2015-03-22T10:14:00Z,zondag,11.2333333333333,ochtend,4.3,5.9,1182,0,1025.2,NA,NA,NA,NA,NA,NA
2015-03-21,16:42,roel alleen,1,2015-03-21T15:42:00Z,zaterdag,16.7,middag,6.5,2.6,793,1.4,1020.5,NA,NA,NA,NA,NA,NA
2015-03-21,11:57,roel alleen,1,2015-03-21T10:57:00Z,zaterdag,11.95,ochtend,6.5,2.6,793,1.4,1020.5,NA,NA,NA,NA,NA,NA
2015-03-21,11:32,roel alleen,1,2015-03-21T10:32:00Z,zaterdag,11.5333333333333,ochtend,6.5,2.6,793,1.4,1020.5,NA,NA,NA,NA,NA,NA
2015-03-20,10:14,roel alleen,1,2015-03-20T09:14:00Z,vrijdag,10.2333333333333,ochtend,4.7,2.6,819,-0.1,1025.4,497.170013,500.660004,495.450012,499.119995,0,499.119995
2015-03-20,09:20,roel alleen,1,2015-03-20T08:20:00Z,vrijdag,9.33333333333333,ochtend,4.7,2.6,819,-0.1,1025.4,497.170013,500.660004,495.450012,499.119995,0,499.119995
2015-03-19,09:43,roel alleen,1,2015-03-19T08:43:00Z,donderdag,9.71666666666667,ochtend,6.7,5.1,943,0,1029,497.079987,499.940002,494.700012,496.01001,0,496.01001
2015-03-18,13:21,roel alleen,1,2015-03-18T12:21:00Z,woensdag,13.35,middag,5.8,0,304,0,1028.7,495.440002,496.649994,492.309998,496.630005,0,496.630005
2015-03-18,10:44,roel alleen,1,2015-03-18T09:44:00Z,woensdag,10.7333333333333,ochtend,5.8,0,304,0,1028.7,495.440002,496.649994,492.309998,496.630005,0,496.630005
2015-03-17,11:04,roel alleen,1,2015-03-17T10:04:00Z,dinsdag,11.0666666666667,ochtend,7.1,9.4,1326,0,1025,498.480011,499.299988,492.700012,494.399994,0,494.399994
2015-03-17,09:02,roel alleen,1,2015-03-17T08:02:00Z,dinsdag,9.03333333333333,ochtend,7.1,9.4,1326,0,1025,498.480011,499.299988,492.700012,494.399994,0,494.399994
2015-03-16,10:42,roel alleen,1,2015-03-16T09:42:00Z,maandag,10.7,ochtend,6.6,8,1254,0,1024,493.950012,498.660004,493.950012,498.029999,0,498.029999
2015-03-16,09:50,roel alleen,1,2015-03-16T08:50:00Z,maandag,9.83333333333333,ochtend,6.6,8,1254,0,1024,493.950012,498.660004,493.950012,498.029999,0,498.029999
2015-03-15,14:20,roel alleen,1,2015-03-15T13:20:00Z,zondag,14.3333333333333,middag,5.7,0.2,381,-0.1,1027.8,NA,NA,NA,NA,NA,NA
2015-03-13,12:01,roel alleen,1,2015-03-13T11:01:00Z,vrijdag,12.0166666666667,middag,4.9,10.7,1428,0,1025.8,493.209991,493.619995,489.320007,492.480011,0,492.480011
2015-03-13,09:05,roel alleen,1,2015-03-13T08:05:00Z,vrijdag,9.08333333333333,ochtend,4.9,10.7,1428,0,1025.8,493.209991,493.619995,489.320007,492.480011,0,492.480011
2015-03-12,10:40,roel alleen,1,2015-03-12T09:40:00Z,donderdag,10.6666666666667,ochtend,6,10.7,1454,0,1029.6,492.589996,494.570007,490.910004,491.640015,0,491.640015
2015-03-12,10:01,roel alleen,1,2015-03-12T09:01:00Z,donderdag,10.0166666666667,ochtend,6,10.7,1454,0,1029.6,492.589996,494.570007,490.910004,491.640015,0,491.640015
2015-03-11,15:19,roel alleen,1,2015-03-11T14:19:00Z,woensdag,15.3166666666667,middag,3.2,7.2,1249,0,1031.5,484.179993,492.600006,484.049988,491.929993,0,491.929993
2015-03-11,12:33,roel alleen,1,2015-03-11T11:33:00Z,woensdag,12.55,middag,3.2,7.2,1249,0,1031.5,484.179993,492.600006,484.049988,491.929993,0,491.929993
2015-03-11,09:50,roel alleen,1,2015-03-11T08:50:00Z,woensdag,9.83333333333333,ochtend,3.2,7.2,1249,0,1031.5,484.179993,492.600006,484.049988,491.929993,0,491.929993
2015-03-11,08:36,roel alleen,1,2015-03-11T07:36:00Z,woensdag,8.6,ochtend,3.2,7.2,1249,0,1031.5,484.179993,492.600006,484.049988,491.929993,0,491.929993
2015-03-10,09:48,roel alleen,1,2015-03-10T08:48:00Z,dinsdag,9.8,ochtend,6.4,9.3,1349,-0.1,1029.2,486.880005,488.51001,482.130005,483.100006,0,483.100006
2015-03-10,08:19,roel alleen,1,2015-03-10T07:19:00Z,dinsdag,8.31666666666667,ochtend,6.4,9.3,1349,-0.1,1029.2,486.880005,488.51001,482.130005,483.100006,0,483.100006
2015-03-09,10:02,roel alleen,1,2015-03-09T09:02:00Z,maandag,10.0333333333333,ochtend,8,5.7,905,0.6,1026,487.399994,488.209991,484.76001,488.209991,0,488.209991
2015-03-08,09:37,roel alleen,1,2015-03-08T08:37:00Z,zondag,9.61666666666667,ochtend,8.5,10.1,1311,0.3,1023.1,NA,NA,NA,NA,NA,NA
2015-03-08,09:24,roel alleen,1,2015-03-08T08:24:00Z,zondag,9.4,ochtend,8.5,10.1,1311,0.3,1023.1,NA,NA,NA,NA,NA,NA
2015-03-07,13:48,roel alleen,1,2015-03-07T12:48:00Z,zaterdag,13.8,middag,8.5,5.1,887,0,1026.8,NA,NA,NA,NA,NA,NA
2015-03-07,11:30,roel alleen,1,2015-03-07T10:30:00Z,zaterdag,11.5,ochtend,8.5,5.1,887,0,1026.8,NA,NA,NA,NA,NA,NA
2015-03-06,10:48,roel alleen,1,2015-03-06T09:48:00Z,vrijdag,10.8,ochtend,6.9,2,592,0,1034.2,488.549988,492.359985,488.070007,489.839996,0,489.839996
2015-03-06,09:48,roel alleen,1,2015-03-06T08:48:00Z,vrijdag,9.8,ochtend,6.9,2,592,0,1034.2,488.549988,492.359985,488.070007,489.839996,0,489.839996
2015-03-05,14:12,roel alleen,1,2015-03-05T13:12:00Z,donderdag,14.2,middag,5.8,6.6,978,0,1037.1,484.959991,489.359985,484.829987,488.959991,0,488.959991
2015-03-04,14:14,roel alleen,1,2015-03-04T13:14:00Z,woensdag,14.2333333333333,middag,5.7,1.2,482,0.2,1025.8,481.220001,483.570007,478.799988,483.570007,0,483.570007
2015-03-04,09:49,roel alleen,1,2015-03-04T08:49:00Z,woensdag,9.81666666666667,ochtend,5.7,1.2,482,0.2,1025.8,481.220001,483.570007,478.799988,483.570007,0,483.570007
2015-03-04,09:06,roel alleen,1,2015-03-04T08:06:00Z,woensdag,9.1,ochtend,5.7,1.2,482,0.2,1025.8,481.220001,483.570007,478.799988,483.570007,0,483.570007
2015-03-03,14:03,roel alleen,1,2015-03-03T13:03:00Z,dinsdag,14.05,middag,5.3,3.4,546,3.6,1015,486.309998,486.790009,479.549988,480.059998,0,480.059998
2015-03-03,10:11,roel alleen,1,2015-03-03T09:11:00Z,dinsdag,10.1833333333333,ochtend,5.3,3.4,546,3.6,1015,486.309998,486.790009,479.549988,480.059998,0,480.059998
2015-03-03,08:42,roel alleen,1,2015-03-03T07:42:00Z,dinsdag,8.7,ochtend,5.3,3.4,546,3.6,1015,486.309998,486.790009,479.549988,480.059998,0,480.059998
2015-03-02,13:12,roel alleen,1,2015-03-02T12:12:00Z,maandag,13.2,middag,5.7,6.9,840,0.2,1005.7,484.359985,487.01001,483.369995,485.839996,0,485.839996
2015-03-02,09:21,roel alleen,1,2015-03-02T08:21:00Z,maandag,9.35,ochtend,5.7,6.9,840,0.2,1005.7,484.359985,487.01001,483.369995,485.839996,0,485.839996
2015-03-01,16:15,roel alleen,1,2015-03-01T15:15:00Z,zondag,16.25,middag,8.1,7.9,1079,7.3,998.9,NA,NA,NA,NA,NA,NA
2015-03-01,12:06,roel alleen,1,2015-03-01T11:06:00Z,zondag,12.1,middag,8.1,7.9,1079,7.3,998.9,NA,NA,NA,NA,NA,NA
2015-03-01,09:50,roel alleen,1,2015-03-01T08:50:00Z,zondag,9.83333333333333,ochtend,8.1,7.9,1079,7.3,998.9,NA,NA,NA,NA,NA,NA
2015-03-01,09:31,roel alleen,1,2015-03-01T08:31:00Z,zondag,9.51666666666667,ochtend,8.1,7.9,1079,7.3,998.9,NA,NA,NA,NA,NA,NA
2015-02-28,20:51,roel alleen,1,2015-02-28T19:51:00Z,zaterdag,20.85,avond,5.3,3.6,754,-0.1,1012.3,NA,NA,NA,NA,NA,NA
2015-02-28,15:35,roel alleen,1,2015-02-28T14:35:00Z,zaterdag,15.5833333333333,middag,5.3,3.6,754,-0.1,1012.3,NA,NA,NA,NA,NA,NA
2015-02-28,10:44,roel alleen,1,2015-02-28T09:44:00Z,zaterdag,10.7333333333333,ochtend,5.3,3.6,754,-0.1,1012.3,NA,NA,NA,NA,NA,NA
2015-02-28,10:22,roel alleen,1,2015-02-28T09:22:00Z,zaterdag,10.3666666666667,ochtend,5.3,3.6,754,-0.1,1012.3,NA,NA,NA,NA,NA,NA
2015-02-28,10:20,roel alleen,1,2015-02-28T09:20:00Z,zaterdag,10.3333333333333,ochtend,5.3,3.6,754,-0.1,1012.3,NA,NA,NA,NA,NA,NA
2015-02-27,13:08,roel alleen,1,2015-02-27T12:08:00Z,vrijdag,13.1333333333333,middag,4.1,7.5,822,0,1017.3,482.380005,483.929993,479.929993,483.929993,0,483.929993
2015-02-27,10:39,roel alleen,1,2015-02-27T09:39:00Z,vrijdag,10.65,ochtend,4.1,7.5,822,0,1017.3,482.380005,483.929993,479.929993,483.929993,0,483.929993
2015-02-27,09:43,roel alleen,1,2015-02-27T08:43:00Z,vrijdag,9.71666666666667,ochtend,4.1,7.5,822,0,1017.3,482.380005,483.929993,479.929993,483.929993,0,483.929993
2015-02-26,14:28,roel alleen,1,2015-02-26T13:28:00Z,donderdag,14.4666666666667,middag,6.5,0,240,8,1012.8,478.790009,482.609985,477.899994,482.470001,0,482.470001
2015-02-26,09:28,roel alleen,1,2015-02-26T08:28:00Z,donderdag,9.46666666666667,ochtend,6.5,0,240,8,1012.8,478.790009,482.609985,477.899994,482.470001,0,482.470001
2015-02-25,11:58,roel alleen,1,2015-02-25T10:58:00Z,woensdag,11.9666666666667,ochtend,4.5,2.7,353,2.3,1015.9,479.799988,481.089996,477.059998,478.529999,0,478.529999
2015-02-25,10:41,roel alleen,1,2015-02-25T09:41:00Z,woensdag,10.6833333333333,ochtend,4.5,2.7,353,2.3,1015.9,479.799988,481.089996,477.059998,478.529999,0,478.529999
2015-02-25,08:57,roel alleen,1,2015-02-25T07:57:00Z,woensdag,8.95,ochtend,4.5,2.7,353,2.3,1015.9,479.799988,481.089996,477.059998,478.529999,0,478.529999
2015-02-24,13:06,roel alleen,1,2015-02-24T12:06:00Z,dinsdag,13.1,middag,5.8,5.8,785,3.7,1003.2,476.049988,480.600006,475.75,479.940002,0,479.940002
2015-02-24,11:36,roel alleen,1,2015-02-24T10:36:00Z,dinsdag,11.6,ochtend,5.8,5.8,785,3.7,1003.2,476.049988,480.600006,475.75,479.940002,0,479.940002
2015-02-24,09:20,roel alleen,1,2015-02-24T08:20:00Z,dinsdag,9.33333333333333,ochtend,5.8,5.8,785,3.7,1003.2,476.049988,480.600006,475.75,479.940002,0,479.940002
2015-02-23,15:52,roel alleen,1,2015-02-23T14:52:00Z,maandag,15.8666666666667,middag,6.2,6.1,842,2,992.3,474.119995,475.220001,472.5,475.220001,0,475.220001
2015-02-23,11:56,roel alleen,1,2015-02-23T10:56:00Z,maandag,11.9333333333333,ochtend,6.2,6.1,842,2,992.3,474.119995,475.220001,472.5,475.220001,0,475.220001
2015-02-23,11:10,roel alleen,1,2015-02-23T10:10:00Z,maandag,11.1666666666667,ochtend,6.2,6.1,842,2,992.3,474.119995,475.220001,472.5,475.220001,0,475.220001
2015-02-23,09:20,roel alleen,1,2015-02-23T08:20:00Z,maandag,9.33333333333333,ochtend,6.2,6.1,842,2,992.3,474.119995,475.220001,472.5,475.220001,0,475.220001
2015-02-22,16:33,roel alleen,1,2015-02-22T15:33:00Z,zondag,16.55,middag,3.1,6.9,779,4.3,1004.7,NA,NA,NA,NA,NA,NA
2015-02-22,11:44,roel alleen,1,2015-02-22T10:44:00Z,zondag,11.7333333333333,ochtend,3.1,6.9,779,4.3,1004.7,NA,NA,NA,NA,NA,NA
2015-02-22,10:07,roel alleen,1,2015-02-22T09:07:00Z,zondag,10.1166666666667,ochtend,3.1,6.9,779,4.3,1004.7,NA,NA,NA,NA,NA,NA
2015-02-21,09:35,roel alleen,1,2015-02-21T08:35:00Z,zaterdag,9.58333333333333,ochtend,3.9,1.7,509,2.1,999.1,NA,NA,NA,NA,NA,NA
2015-02-20,14:43,roel alleen,1,2015-02-20T13:43:00Z,vrijdag,14.7166666666667,middag,5.3,0,125,22.9,1005.4,468.980011,469.850006,466.149994,469.850006,0,469.850006
2015-02-20,11:12,roel alleen,1,2015-02-20T10:12:00Z,vrijdag,11.2,ochtend,5.3,0,125,22.9,1005.4,468.980011,469.850006,466.149994,469.850006,0,469.850006
2015-02-19,14:43,roel alleen,1,2015-02-19T13:43:00Z,donderdag,14.7166666666667,middag,3.9,8.8,912,1.2,1024.1,466.929993,470.450012,465.459991,469.790009,0,469.790009
2015-02-19,11:00,roel alleen,1,2015-02-19T10:00:00Z,donderdag,11,ochtend,3.9,8.8,912,1.2,1024.1,466.929993,470.450012,465.459991,469.790009,0,469.790009
2015-02-19,10:03,roel alleen,1,2015-02-19T09:03:00Z,donderdag,10.05,ochtend,3.9,8.8,912,1.2,1024.1,466.929993,470.450012,465.459991,469.790009,0,469.790009
2015-02-18,13:16,roel alleen,1,2015-02-18T12:16:00Z,woensdag,13.2666666666667,middag,2.5,8.8,948,0,1037.6,465.880005,467.320007,465.279999,467.320007,0,467.320007
2015-02-18,11:38,roel alleen,1,2015-02-18T10:38:00Z,woensdag,11.6333333333333,ochtend,2.5,8.8,948,0,1037.6,465.880005,467.320007,465.279999,467.320007,0,467.320007
2015-02-18,09:28,roel alleen,1,2015-02-18T08:28:00Z,woensdag,9.46666666666667,ochtend,2.5,8.8,948,0,1037.6,465.880005,467.320007,465.279999,467.320007,0,467.320007
2015-02-17,14:00,roel alleen,1,2015-02-17T13:00:00Z,dinsdag,14,middag,3.7,5.4,677,0.1,1033.5,460.179993,464.410004,457.869995,463.420013,0,463.420013
2015-02-17,10:12,roel alleen,1,2015-02-17T09:12:00Z,dinsdag,10.2,ochtend,3.7,5.4,677,0.1,1033.5,460.179993,464.410004,457.869995,463.420013,0,463.420013
2015-02-17,09:33,roel alleen,1,2015-02-17T08:33:00Z,dinsdag,9.55,ochtend,3.7,5.4,677,0.1,1033.5,460.179993,464.410004,457.869995,463.420013,0,463.420013
2015-02-16,14:26,roel alleen,1,2015-02-16T13:26:00Z,maandag,14.4333333333333,middag,1.3,7.9,764,0,1018.3,465.140015,465.369995,462,462.820007,0,462.820007
2015-02-16,11:46,roel alleen,1,2015-02-16T10:46:00Z,maandag,11.7666666666667,ochtend,1.3,7.9,764,0,1018.3,465.140015,465.369995,462,462.820007,0,462.820007
2015-02-16,09:49,roel alleen,1,2015-02-16T08:49:00Z,maandag,9.81666666666667,ochtend,1.3,7.9,764,0,1018.3,465.140015,465.369995,462,462.820007,0,462.820007
2015-02-15,14:56,roel alleen,1,2015-02-15T13:56:00Z,zondag,14.9333333333333,middag,3.5,8.6,812,0,1014.5,NA,NA,NA,NA,NA,NA
2015-02-15,09:42,roel alleen,1,2015-02-15T08:42:00Z,zondag,9.7,ochtend,3.5,8.6,812,0,1014.5,NA,NA,NA,NA,NA,NA
2015-02-15,09:27,roel alleen,1,2015-02-15T08:27:00Z,zondag,9.45,ochtend,3.5,8.6,812,0,1014.5,NA,NA,NA,NA,NA,NA
2015-02-14,14:31,roel alleen,1,2015-02-14T13:31:00Z,zaterdag,14.5166666666667,middag,6.8,1.2,321,-0.1,1007.2,NA,NA,NA,NA,NA,NA
2015-02-14,10:44,roel alleen,1,2015-02-14T09:44:00Z,zaterdag,10.7333333333333,ochtend,6.8,1.2,321,-0.1,1007.2,NA,NA,NA,NA,NA,NA
2015-02-14,10:18,roel alleen,1,2015-02-14T09:18:00Z,zaterdag,10.3,ochtend,6.8,1.2,321,-0.1,1007.2,NA,NA,NA,NA,NA,NA
2015-02-13,11:24,roel alleen,1,2015-02-13T10:24:00Z,vrijdag,11.4,ochtend,6,6.4,705,-0.1,1011.1,462.429993,466.059998,461.859985,464.899994,0,464.899994
2015-02-12,21:07,roel alleen,1,2015-02-12T20:07:00Z,donderdag,21.1166666666667,avond,3.8,0,178,0,1020.9,457.709991,463.790009,457.709991,460.429993,0,460.429993
2015-02-12,15:39,roel alleen,1,2015-02-12T14:39:00Z,donderdag,15.65,middag,3.8,0,178,0,1020.9,457.709991,463.790009,457.709991,460.429993,0,460.429993
2015-02-12,15:29,roel alleen,1,2015-02-12T14:29:00Z,donderdag,15.4833333333333,middag,3.8,0,178,0,1020.9,457.709991,463.790009,457.709991,460.429993,0,460.429993
2015-02-12,13:13,roel alleen,1,2015-02-12T12:13:00Z,donderdag,13.2166666666667,middag,3.8,0,178,0,1020.9,457.709991,463.790009,457.709991,460.429993,0,460.429993
2015-02-11,16:08,roel alleen,1,2015-02-11T15:08:00Z,woensdag,16.1333333333333,middag,4.3,0,170,0,1025.7,455.649994,459.059998,454.829987,458.269989,0,458.269989
2015-02-11,09:56,roel alleen,1,2015-02-11T08:56:00Z,woensdag,9.93333333333333,ochtend,4.3,0,170,0,1025.7,455.649994,459.059998,454.829987,458.269989,0,458.269989
2015-02-10,15:56,roel alleen,1,2015-02-10T14:56:00Z,dinsdag,15.9333333333333,middag,5.7,0,142,-0.1,1032.2,451.5,456.029999,449.540009,453.799988,0,453.799988
2015-02-10,14:52,roel alleen,1,2015-02-10T13:52:00Z,dinsdag,14.8666666666667,middag,5.7,0,142,-0.1,1032.2,451.5,456.029999,449.540009,453.799988,0,453.799988
2015-02-10,10:31,roel alleen,1,2015-02-10T09:31:00Z,dinsdag,10.5166666666667,ochtend,5.7,0,142,-0.1,1032.2,451.5,456.029999,449.540009,453.799988,0,453.799988
2015-02-10,09:28,roel alleen,1,2015-02-10T08:28:00Z,dinsdag,9.46666666666667,ochtend,5.7,0,142,-0.1,1032.2,451.5,456.029999,449.540009,453.799988,0,453.799988
2015-02-09,14:52,roel alleen,1,2015-02-09T13:52:00Z,maandag,14.8666666666667,middag,5.6,0.7,245,-0.1,1031.3,451.100006,451.640015,447.23999,450.959991,0,450.959991
2015-02-09,13:28,roel alleen,1,2015-02-09T12:28:00Z,maandag,13.4666666666667,middag,5.6,0.7,245,-0.1,1031.3,451.100006,451.640015,447.23999,450.959991,0,450.959991
2015-02-09,10:29,roel alleen,1,2015-02-09T09:29:00Z,maandag,10.4833333333333,ochtend,5.6,0.7,245,-0.1,1031.3,451.100006,451.640015,447.23999,450.959991,0,450.959991
2015-02-09,09:31,roel alleen,1,2015-02-09T08:31:00Z,maandag,9.51666666666667,ochtend,5.6,0.7,245,-0.1,1031.3,451.100006,451.640015,447.23999,450.959991,0,450.959991
2015-02-08,14:23,roel alleen,1,2015-02-08T13:23:00Z,zondag,14.3833333333333,middag,5.4,4.6,485,0,1032.9,NA,NA,NA,NA,NA,NA
2015-02-08,11:20,roel alleen,1,2015-02-08T10:20:00Z,zondag,11.3333333333333,ochtend,5.4,4.6,485,0,1032.9,NA,NA,NA,NA,NA,NA
2015-02-08,11:08,roel alleen,1,2015-02-08T10:08:00Z,zondag,11.1333333333333,ochtend,5.4,4.6,485,0,1032.9,NA,NA,NA,NA,NA,NA
2015-02-07,14:57,roel alleen,1,2015-02-07T13:57:00Z,zaterdag,14.95,middag,2.2,1,338,0.2,1033,NA,NA,NA,NA,NA,NA
2015-02-07,11:42,roel alleen,1,2015-02-07T10:42:00Z,zaterdag,11.7,ochtend,2.2,1,338,0.2,1033,NA,NA,NA,NA,NA,NA
2015-02-07,10:57,roel alleen,1,2015-02-07T09:57:00Z,zaterdag,10.95,ochtend,2.2,1,338,0.2,1033,NA,NA,NA,NA,NA,NA
2015-02-06,10:46,roel alleen,1,2015-02-06T09:46:00Z,vrijdag,10.7666666666667,ochtend,0,8.2,731,0,1031.1,455.059998,456.160004,452.959991,454.690002,0,454.690002
2015-02-06,10:32,roel alleen,1,2015-02-06T09:32:00Z,vrijdag,10.5333333333333,ochtend,0,8.2,731,0,1031.1,455.059998,456.160004,452.959991,454.690002,0,454.690002
2015-02-05,16:24,roel alleen,1,2015-02-05T15:24:00Z,donderdag,16.4,middag,-0.2,5.8,588,2.2,1024.8,450.859985,455.420013,450.140015,455.299988,0,455.299988
2015-02-05,16:20,roel alleen,1,2015-02-05T15:20:00Z,donderdag,16.3333333333333,middag,-0.2,5.8,588,2.2,1024.8,450.859985,455.420013,450.140015,455.299988,0,455.299988
2015-02-05,13:27,roel alleen,1,2015-02-05T12:27:00Z,donderdag,13.45,middag,-0.2,5.8,588,2.2,1024.8,450.859985,455.420013,450.140015,455.299988,0,455.299988
2015-02-05,11:19,roel alleen,1,2015-02-05T10:19:00Z,donderdag,11.3166666666667,ochtend,-0.2,5.8,588,2.2,1024.8,450.859985,455.420013,450.140015,455.299988,0,455.299988
2015-02-05,09:52,roel alleen,1,2015-02-05T08:52:00Z,donderdag,9.86666666666667,ochtend,-0.2,5.8,588,2.2,1024.8,450.859985,455.420013,450.140015,455.299988,0,455.299988
2015-02-05,09:43,roel alleen,1,2015-02-05T08:43:00Z,donderdag,9.71666666666667,ochtend,-0.2,5.8,588,2.2,1024.8,450.859985,455.420013,450.140015,455.299988,0,455.299988
2015-02-04,13:19,roel alleen,1,2015-02-04T12:19:00Z,woensdag,13.3166666666667,middag,-0.3,5.8,516,0.8,1016.2,456.420013,456.839996,450.790009,454.880005,0,454.880005
2015-02-04,11:23,roel alleen,1,2015-02-04T10:23:00Z,woensdag,11.3833333333333,ochtend,-0.3,5.8,516,0.8,1016.2,456.420013,456.839996,450.790009,454.880005,0,454.880005
2015-02-04,10:05,roel alleen,1,2015-02-04T09:05:00Z,woensdag,10.0833333333333,ochtend,-0.3,5.8,516,0.8,1016.2,456.420013,456.839996,450.790009,454.880005,0,454.880005
2015-02-03,15:45,roel alleen,1,2015-02-03T14:45:00Z,dinsdag,15.75,middag,1.8,7.8,655,1.6,1005.7,453.23999,457.660004,452.779999,455.820007,0,455.820007
2015-02-03,09:41,roel alleen,1,2015-02-03T08:41:00Z,dinsdag,9.68333333333333,ochtend,1.8,7.8,655,1.6,1005.7,453.23999,457.660004,452.779999,455.820007,0,455.820007
2015-02-03,09:19,roel alleen,1,2015-02-03T08:19:00Z,dinsdag,9.31666666666667,ochtend,1.8,7.8,655,1.6,1005.7,453.23999,457.660004,452.779999,455.820007,0,455.820007
2015-02-02,13:47,roel alleen,1,2015-02-02T12:47:00Z,maandag,13.7833333333333,middag,3.3,4.6,447,3.8,1000.7,450.600006,451.910004,446.440002,450.76001,0,450.76001
2015-02-02,12:10,roel alleen,1,2015-02-02T11:10:00Z,maandag,12.1666666666667,middag,3.3,4.6,447,3.8,1000.7,450.600006,451.910004,446.440002,450.76001,0,450.76001
2015-02-02,10:11,roel alleen,1,2015-02-02T09:11:00Z,maandag,10.1833333333333,ochtend,3.3,4.6,447,3.8,1000.7,450.600006,451.910004,446.440002,450.76001,0,450.76001
2015-02-01,18:34,roel alleen,1,2015-02-01T17:34:00Z,zondag,18.5666666666667,avond,3.9,2.3,324,3.4,991.1,NA,NA,NA,NA,NA,NA
2015-02-01,16:34,roel alleen,1,2015-02-01T15:34:00Z,zondag,16.5666666666667,middag,3.9,2.3,324,3.4,991.1,NA,NA,NA,NA,NA,NA
2015-02-01,10:45,roel alleen,1,2015-02-01T09:45:00Z,zondag,10.75,ochtend,3.9,2.3,324,3.4,991.1,NA,NA,NA,NA,NA,NA
2015-02-01,10:27,roel alleen,1,2015-02-01T09:27:00Z,zondag,10.45,ochtend,3.9,2.3,324,3.4,991.1,NA,NA,NA,NA,NA,NA
2015-01-31,15:35,roel alleen,1,2015-01-31T14:35:00Z,zaterdag,15.5833333333333,middag,2.4,2.5,339,0.7,981.5,NA,NA,NA,NA,NA,NA
2015-01-31,15:15,roel alleen,1,2015-01-31T14:15:00Z,zaterdag,15.25,middag,2.4,2.5,339,0.7,981.5,NA,NA,NA,NA,NA,NA
2015-01-31,10:47,roel alleen,1,2015-01-31T09:47:00Z,zaterdag,10.7833333333333,ochtend,2.4,2.5,339,0.7,981.5,NA,NA,NA,NA,NA,NA
2015-01-31,10:36,roel alleen,1,2015-01-31T09:36:00Z,zaterdag,10.6,ochtend,2.4,2.5,339,0.7,981.5,NA,NA,NA,NA,NA,NA
2015-01-30,16:38,roel alleen,1,2015-01-30T15:38:00Z,vrijdag,16.6333333333333,middag,2.6,3.1,393,2.3,976.1,454,454.649994,448.899994,450.390015,0,450.390015
2015-01-30,09:00,roel alleen,1,2015-01-30T08:00:00Z,vrijdag,9,ochtend,2.6,3.1,393,2.3,976.1,454,454.649994,448.899994,450.390015,0,450.390015
2015-01-29,13:47,roel alleen,1,2015-01-29T12:47:00Z,donderdag,13.7833333333333,middag,3.6,1.3,211,11.7,981.7,447.829987,453.160004,447.829987,452.470001,0,452.470001
2015-01-29,10:35,roel alleen,1,2015-01-29T09:35:00Z,donderdag,10.5833333333333,ochtend,3.6,1.3,211,11.7,981.7,447.829987,453.160004,447.829987,452.470001,0,452.470001
2015-01-28,16:38,roel alleen,1,2015-01-28T15:38:00Z,woensdag,16.6333333333333,middag,5.7,0,55,8.1,1002.7,457.029999,457.570007,450.25,452.299988,0,452.299988
2015-01-28,10:36,roel alleen,1,2015-01-28T09:36:00Z,woensdag,10.6,ochtend,5.7,0,55,8.1,1002.7,457.029999,457.570007,450.25,452.299988,0,452.299988
2015-01-28,09:04,roel alleen,1,2015-01-28T08:04:00Z,woensdag,9.06666666666667,ochtend,5.7,0,55,8.1,1002.7,457.029999,457.570007,450.25,452.299988,0,452.299988
2015-01-27,10:16,roel alleen,1,2015-01-27T09:16:00Z,dinsdag,10.2666666666667,ochtend,5.8,3.9,404,0.4,1022.7,458.339996,459.059998,451.48999,454.459991,0,454.459991
2015-01-26,13:43,roel alleen,1,2015-01-26T12:43:00Z,maandag,13.7166666666667,middag,7,0.7,163,1.4,1020.3,452.619995,459.440002,452.619995,459.140015,0,459.140015
2015-01-26,09:03,roel alleen,1,2015-01-26T08:03:00Z,maandag,9.05,ochtend,7,0.7,163,1.4,1020.3,452.619995,459.440002,452.619995,459.140015,0,459.140015
2015-01-25,15:39,roel alleen,1,2015-01-25T14:39:00Z,zondag,15.65,middag,5.4,0,205,-0.1,1027.7,NA,NA,NA,NA,NA,NA
2015-01-25,10:23,roel alleen,1,2015-01-25T09:23:00Z,zondag,10.3833333333333,ochtend,5.4,0,205,-0.1,1027.7,NA,NA,NA,NA,NA,NA
2015-01-25,10:18,roel alleen,1,2015-01-25T09:18:00Z,zondag,10.3,ochtend,5.4,0,205,-0.1,1027.7,NA,NA,NA,NA,NA,NA
2015-01-24,11:22,roel alleen,1,2015-01-24T10:22:00Z,zaterdag,11.3666666666667,ochtend,3.8,4.6,427,6.6,1021.6,NA,NA,NA,NA,NA,NA
2015-01-24,11:13,roel alleen,1,2015-01-24T10:13:00Z,zaterdag,11.2166666666667,ochtend,3.8,4.6,427,6.6,1021.6,NA,NA,NA,NA,NA,NA
2015-01-23,15:10,roel alleen,1,2015-01-23T14:10:00Z,vrijdag,15.1666666666667,middag,-2.7,3.2,375,0,1025.4,451.019989,457.100006,450.279999,454.559998,0,454.559998
2015-01-23,10:48,roel alleen,1,2015-01-23T09:48:00Z,vrijdag,10.8,ochtend,-2.7,3.2,375,0,1025.4,451.019989,457.100006,450.279999,454.559998,0,454.559998
2015-01-23,09:20,roel alleen,1,2015-01-23T08:20:00Z,vrijdag,9.33333333333333,ochtend,-2.7,3.2,375,0,1025.4,451.019989,457.100006,450.279999,454.559998,0,454.559998
2015-01-22,10:14,roel alleen,1,2015-01-22T09:14:00Z,donderdag,10.2333333333333,ochtend,-1,0.2,130,-0.1,1020.2,442.040009,449.029999,440.410004,447.769989,0,447.769989
2015-01-21,13:32,roel alleen,1,2015-01-21T12:32:00Z,woensdag,13.5333333333333,middag,-0.2,0.2,251,0,1012.5,439.98999,441.089996,435.839996,441.089996,0,441.089996
2015-01-21,11:01,roel alleen,1,2015-01-21T10:01:00Z,woensdag,11.0166666666667,ochtend,-0.2,0.2,251,0,1012.5,439.98999,441.089996,435.839996,441.089996,0,441.089996
2015-01-21,10:18,roel alleen,1,2015-01-21T09:18:00Z,woensdag,10.3,ochtend,-0.2,0.2,251,0,1012.5,439.98999,441.089996,435.839996,441.089996,0,441.089996
2015-01-20,16:48,roel alleen,1,2015-01-20T15:48:00Z,dinsdag,16.8,middag,1.5,2.4,272,0,1012.2,435.970001,439.390015,435.600006,437.920013,0,437.920013
2015-01-20,15:47,roel alleen,1,2015-01-20T14:47:00Z,dinsdag,15.7833333333333,middag,1.5,2.4,272,0,1012.2,435.970001,439.390015,435.600006,437.920013,0,437.920013
2015-01-20,10:10,roel alleen,1,2015-01-20T09:10:00Z,dinsdag,10.1666666666667,ochtend,1.5,2.4,272,0,1012.2,435.970001,439.390015,435.600006,437.920013,0,437.920013
2015-01-20,09:11,roel alleen,1,2015-01-20T08:11:00Z,dinsdag,9.18333333333333,ochtend,1.5,2.4,272,0,1012.2,435.970001,439.390015,435.600006,437.920013,0,437.920013
2015-01-19,11:40,roel alleen,1,2015-01-19T10:40:00Z,maandag,11.6666666666667,ochtend,0.3,0.9,258,0,1012.3,433.839996,436.200012,432.029999,435.309998,0,435.309998
2015-01-19,11:02,roel alleen,1,2015-01-19T10:02:00Z,maandag,11.0333333333333,ochtend,0.3,0.9,258,0,1012.3,433.839996,436.200012,432.029999,435.309998,0,435.309998
2015-01-19,10:15,roel alleen,1,2015-01-19T09:15:00Z,maandag,10.25,ochtend,0.3,0.9,258,0,1012.3,433.839996,436.200012,432.029999,435.309998,0,435.309998
2015-01-18,15:47,roel alleen,1,2015-01-18T14:47:00Z,zondag,15.7833333333333,middag,2.6,0,95,3.7,1011.6,NA,NA,NA,NA,NA,NA
2015-01-18,10:45,roel alleen,1,2015-01-18T09:45:00Z,zondag,10.75,ochtend,2.6,0,95,3.7,1011.6,NA,NA,NA,NA,NA,NA
2015-01-18,10:10,roel alleen,1,2015-01-18T09:10:00Z,zondag,10.1666666666667,ochtend,2.6,0,95,3.7,1011.6,NA,NA,NA,NA,NA,NA
2015-01-17,11:35,roel alleen,1,2015-01-17T10:35:00Z,zaterdag,11.5833333333333,ochtend,3.6,5.6,411,0.2,1012.7,NA,NA,NA,NA,NA,NA
2015-01-17,11:25,roel alleen,1,2015-01-17T10:25:00Z,zaterdag,11.4166666666667,ochtend,3.6,5.6,411,0.2,1012.7,NA,NA,NA,NA,NA,NA
2015-01-17,08:34,roel alleen,1,2015-01-17T07:34:00Z,zaterdag,8.56666666666667,ochtend,3.6,5.6,411,0.2,1012.7,NA,NA,NA,NA,NA,NA
2015-01-16,13:42,roel alleen,1,2015-01-16T12:42:00Z,vrijdag,13.7,middag,5.5,4.1,387,2.3,1004,423.369995,433.619995,422.940002,432.980011,0,432.980011
2015-01-16,11:09,roel alleen,1,2015-01-16T10:09:00Z,vrijdag,11.15,ochtend,5.5,4.1,387,2.3,1004,423.369995,433.619995,422.940002,432.980011,0,432.980011
2015-01-15,14:08,roel alleen,1,2015-01-15T13:08:00Z,donderdag,14.1333333333333,middag,8,0,73,12.8,994.6,422.600006,426.619995,411.459991,425.320007,0,425.320007
2015-01-14,17:36,roel alleen,1,2015-01-14T16:36:00Z,woensdag,17.6,middag,4.8,2.2,246,3.7,1006.1,418.440002,425.299988,416.869995,418.329987,0,418.329987
2015-01-14,14:38,roel alleen,1,2015-01-14T13:38:00Z,woensdag,14.6333333333333,middag,4.8,2.2,246,3.7,1006.1,418.440002,425.299988,416.869995,418.329987,0,418.329987
2015-01-14,09:14,roel alleen,1,2015-01-14T08:14:00Z,woensdag,9.23333333333333,ochtend,4.8,2.2,246,3.7,1006.1,418.440002,425.299988,416.869995,418.329987,0,418.329987
2015-01-13,11:23,roel alleen,1,2015-01-13T10:23:00Z,dinsdag,11.3833333333333,ochtend,8.2,0.3,94,20.8,1002.7,415.76001,424.709991,414.820007,423.790009,0,423.790009
2015-01-13,08:54,roel alleen,1,2015-01-13T07:54:00Z,dinsdag,8.9,ochtend,8.2,0.3,94,20.8,1002.7,415.76001,424.709991,414.820007,423.790009,0,423.790009
2015-01-12,13:28,roel alleen,1,2015-01-12T12:28:00Z,maandag,13.4666666666667,middag,9.1,0,127,7.2,1011.2,417.049988,421.5,413.630005,418.410004,0,418.410004
2015-01-12,13:04,roel alleen,1,2015-01-12T12:04:00Z,maandag,13.0666666666667,middag,9.1,0,127,7.2,1011.2,417.049988,421.5,413.630005,418.410004,0,418.410004
2015-01-12,09:48,roel alleen,1,2015-01-12T08:48:00Z,maandag,9.8,ochtend,9.1,0,127,7.2,1011.2,417.049988,421.5,413.630005,418.410004,0,418.410004
2015-01-12,09:05,roel alleen,1,2015-01-12T08:05:00Z,maandag,9.08333333333333,ochtend,9.1,0,127,7.2,1011.2,417.049988,421.5,413.630005,418.410004,0,418.410004
2015-01-11,10:57,roel alleen,1,2015-01-11T09:57:00Z,zondag,10.95,ochtend,6.6,1.5,253,-0.1,1017.2,NA,NA,NA,NA,NA,NA
2015-01-11,10:38,roel alleen,1,2015-01-11T09:38:00Z,zondag,10.6333333333333,ochtend,6.6,1.5,253,-0.1,1017.2,NA,NA,NA,NA,NA,NA
2015-01-11,08:51,roel alleen,1,2015-01-11T07:51:00Z,zondag,8.85,ochtend,6.6,1.5,253,-0.1,1017.2,NA,NA,NA,NA,NA,NA
2015-01-10,17:03,roel alleen,1,2015-01-10T16:03:00Z,zaterdag,17.05,middag,9.3,0.5,117,2.3,1010.9,NA,NA,NA,NA,NA,NA
2015-01-10,10:57,roel alleen,1,2015-01-10T09:57:00Z,zaterdag,10.95,ochtend,9.3,0.5,117,2.3,1010.9,NA,NA,NA,NA,NA,NA
2015-01-10,10:45,roel alleen,1,2015-01-10T09:45:00Z,zaterdag,10.75,ochtend,9.3,0.5,117,2.3,1010.9,NA,NA,NA,NA,NA,NA
2015-01-09,14:17,roel alleen,1,2015-01-09T13:17:00Z,vrijdag,14.2833333333333,middag,9.8,0,111,7.1,1015.3,422.410004,424.230011,412.76001,415.589996,0,415.589996
2015-01-09,09:14,roel alleen,1,2015-01-09T08:14:00Z,vrijdag,9.23333333333333,ochtend,9.8,0,111,7.1,1015.3,422.410004,424.230011,412.76001,415.589996,0,415.589996
2015-01-09,09:14,roel alleen,1,2015-01-09T08:14:00Z,vrijdag,9.23333333333333,ochtend,9.8,0,111,7.1,1015.3,422.410004,424.230011,412.76001,415.589996,0,415.589996
2015-01-08,12:46,roel alleen,1,2015-01-08T11:46:00Z,donderdag,12.7666666666667,middag,7.3,0,36,12.4,1020.1,416.600006,424.140015,415.440002,423.070007,0,423.070007
2015-01-08,12:29,roel alleen,1,2015-01-08T11:29:00Z,donderdag,12.4833333333333,middag,7.3,0,36,12.4,1020.1,416.600006,424.140015,415.440002,423.070007,0,423.070007
2015-01-08,10:08,roel alleen,1,2015-01-08T09:08:00Z,donderdag,10.1333333333333,ochtend,7.3,0,36,12.4,1020.1,416.600006,424.140015,415.440002,423.070007,0,423.070007
2015-01-07,13:35,roel alleen,1,2015-01-07T12:35:00Z,woensdag,13.5833333333333,middag,4.4,4.6,303,2.6,1024.8,411.01001,413.959991,408.600006,411.209991,0,411.209991
2015-01-07,10:01,roel alleen,1,2015-01-07T09:01:00Z,woensdag,10.0166666666667,ochtend,4.4,4.6,303,2.6,1024.8,411.01001,413.959991,408.600006,411.209991,0,411.209991
2015-01-07,09:26,roel alleen,1,2015-01-07T08:26:00Z,woensdag,9.43333333333333,ochtend,4.4,4.6,303,2.6,1024.8,411.01001,413.959991,408.600006,411.209991,0,411.209991
2015-01-06,14:25,roel alleen,1,2015-01-06T13:25:00Z,dinsdag,14.4166666666667,middag,3.4,1.2,230,1,1021.7,411.670013,414.619995,406.299988,408.429993,0,408.429993
2015-01-06,09:27,roel alleen,1,2015-01-06T08:27:00Z,dinsdag,9.45,ochtend,3.4,1.2,230,1,1021.7,411.670013,414.619995,406.299988,408.429993,0,408.429993
2015-01-05,15:27,roel alleen,1,2015-01-05T14:27:00Z,maandag,15.45,middag,3.3,0.2,117,0,1030.3,420.059998,424.579987,410.48999,410.940002,0,410.940002
2015-01-05,12:56,roel alleen,1,2015-01-05T11:56:00Z,maandag,12.9333333333333,middag,3.3,0.2,117,0,1030.3,420.059998,424.579987,410.48999,410.940002,0,410.940002
2015-01-05,10:37,roel alleen,1,2015-01-05T09:37:00Z,maandag,10.6166666666667,ochtend,3.3,0.2,117,0,1030.3,420.059998,424.579987,410.48999,410.940002,0,410.940002
2015-01-05,09:14,roel alleen,1,2015-01-05T08:14:00Z,maandag,9.23333333333333,ochtend,3.3,0.2,117,0,1030.3,420.059998,424.579987,410.48999,410.940002,0,410.940002
2015-01-04,16:16,roel alleen,1,2015-01-04T15:16:00Z,zondag,16.2666666666667,middag,4.1,4.1,302,0.3,1033.3,NA,NA,NA,NA,NA,NA
2015-01-04,15:42,roel alleen,1,2015-01-04T14:42:00Z,zondag,15.7,middag,4.1,4.1,302,0.3,1033.3,NA,NA,NA,NA,NA,NA
2015-01-04,11:06,roel alleen,1,2015-01-04T10:06:00Z,zondag,11.1,ochtend,4.1,4.1,302,0.3,1033.3,NA,NA,NA,NA,NA,NA
2015-01-04,11:06,roel alleen,1,2015-01-04T10:06:00Z,zondag,11.1,ochtend,4.1,4.1,302,0.3,1033.3,NA,NA,NA,NA,NA,NA
2015-01-03,10:55,roel alleen,1,2015-01-03T09:55:00Z,zaterdag,10.9166666666667,ochtend,5.2,0,72,2.9,1023.1,NA,NA,NA,NA,NA,NA
2015-01-02,15:31,roel alleen,1,2015-01-02T14:31:00Z,vrijdag,15.5166666666667,middag,7.8,4.5,319,2.1,1025.8,425.890015,428.089996,420.350006,422.279999,0,422.279999
2015-01-02,11:20,roel alleen,1,2015-01-02T10:20:00Z,vrijdag,11.3333333333333,ochtend,7.8,4.5,319,2.1,1025.8,425.890015,428.089996,420.350006,422.279999,0,422.279999
2015-01-01,16:05,roel alleen,1,2015-01-01T15:05:00Z,donderdag,16.0833333333333,middag,3.8,1.4,187,0.3,1029.4,NA,NA,NA,NA,NA,NA
2015-01-01,15:39,roel alleen,1,2015-01-01T14:39:00Z,donderdag,15.65,middag,3.8,1.4,187,0.3,1029.4,NA,NA,NA,NA,NA,NA
2014-12-31,20:04,roel alleen,1,2014-12-31T19:04:00Z,woensdag,20.0666666666667,avond,5.6,4.8,308,0,1034.1,422.839996,424.700012,422.269989,424.470001,0,424.470001
2014-12-31,15:40,roel alleen,1,2014-12-31T14:40:00Z,woensdag,15.6666666666667,middag,5.6,4.8,308,0,1034.1,422.839996,424.700012,422.269989,424.470001,0,424.470001
2014-12-31,13:53,roel alleen,1,2014-12-31T12:53:00Z,woensdag,13.8833333333333,middag,5.6,4.8,308,0,1034.1,422.839996,424.700012,422.269989,424.470001,0,424.470001
2014-12-31,09:41,roel alleen,1,2014-12-31T08:41:00Z,woensdag,9.68333333333333,ochtend,5.6,4.8,308,0,1034.1,422.839996,424.700012,422.269989,424.470001,0,424.470001
2014-12-30,15:15,roel alleen,1,2014-12-30T14:15:00Z,dinsdag,15.25,middag,6.1,0.7,146,-0.1,1035.5,425.130005,425.130005,421.559998,421.589996,0,421.589996
2014-12-30,10:26,roel alleen,1,2014-12-30T09:26:00Z,dinsdag,10.4333333333333,ochtend,6.1,0.7,146,-0.1,1035.5,425.130005,425.130005,421.559998,421.589996,0,421.589996
2014-12-30,10:06,roel alleen,1,2014-12-30T09:06:00Z,dinsdag,10.1,ochtend,6.1,0.7,146,-0.1,1035.5,425.130005,425.130005,421.559998,421.589996,0,421.589996
2014-12-29,15:01,roel alleen,1,2014-12-29T14:01:00Z,maandag,15.0166666666667,middag,5.2,1.7,198,1.3,1034.9,427.390015,428.320007,422.859985,426.890015,0,426.890015
2014-12-29,09:48,roel alleen,1,2014-12-29T08:48:00Z,maandag,9.8,ochtend,5.2,1.7,198,1.3,1034.9,427.390015,428.320007,422.859985,426.890015,0,426.890015
2014-12-29,09:30,roel alleen,1,2014-12-29T08:30:00Z,maandag,9.5,ochtend,5.2,1.7,198,1.3,1034.9,427.390015,428.320007,422.859985,426.890015,0,426.890015
2014-12-28,15:28,roel alleen,1,2014-12-28T14:28:00Z,zondag,15.4666666666667,middag,0.3,6.5,365,0.1,1027.7,NA,NA,NA,NA,NA,NA
2014-12-28,15:13,roel alleen,1,2014-12-28T14:13:00Z,zondag,15.2166666666667,middag,0.3,6.5,365,0.1,1027.7,NA,NA,NA,NA,NA,NA
2014-12-28,10:57,roel alleen,1,2014-12-28T09:57:00Z,zondag,10.95,ochtend,0.3,6.5,365,0.1,1027.7,NA,NA,NA,NA,NA,NA
2014-12-28,10:43,roel alleen,1,2014-12-28T09:43:00Z,zondag,10.7166666666667,ochtend,0.3,6.5,365,0.1,1027.7,NA,NA,NA,NA,NA,NA
2014-12-27,12:47,roel alleen,1,2014-12-27T11:47:00Z,zaterdag,12.7833333333333,middag,1.1,0,42,19.2,1002.7,NA,NA,NA,NA,NA,NA
2014-12-27,12:40,roel alleen,1,2014-12-27T11:40:00Z,zaterdag,12.6666666666667,middag,1.1,0,42,19.2,1002.7,NA,NA,NA,NA,NA,NA
2014-12-27,12:18,roel alleen,1,2014-12-27T11:18:00Z,zaterdag,12.3,middag,1.1,0,42,19.2,1002.7,NA,NA,NA,NA,NA,NA
2014-12-26,23:00,roel alleen,1,2014-12-26T22:00:00Z,vrijdag,23,avond,3.6,1.4,217,0.2,1024.9,NA,NA,NA,NA,NA,NA
2014-12-26,15:21,roel alleen,1,2014-12-26T14:21:00Z,vrijdag,15.35,middag,3.6,1.4,217,0.2,1024.9,NA,NA,NA,NA,NA,NA
2014-12-26,14:59,roel alleen,1,2014-12-26T13:59:00Z,vrijdag,14.9833333333333,middag,3.6,1.4,217,0.2,1024.9,NA,NA,NA,NA,NA,NA
2014-12-26,12:28,roel alleen,1,2014-12-26T11:28:00Z,vrijdag,12.4666666666667,middag,3.6,1.4,217,0.2,1024.9,NA,NA,NA,NA,NA,NA
2014-12-26,11:59,roel alleen,1,2014-12-26T10:59:00Z,vrijdag,11.9833333333333,ochtend,3.6,1.4,217,0.2,1024.9,NA,NA,NA,NA,NA,NA
2014-12-25,21:34,roel alleen,1,2014-12-25T20:34:00Z,donderdag,21.5666666666667,avond,5.6,1.4,135,5,1024.2,NA,NA,NA,NA,NA,NA
2014-12-25,16:16,roel alleen,1,2014-12-25T15:16:00Z,donderdag,16.2666666666667,middag,5.6,1.4,135,5,1024.2,NA,NA,NA,NA,NA,NA
2014-12-25,16:06,roel alleen,1,2014-12-25T15:06:00Z,donderdag,16.1,middag,5.6,1.4,135,5,1024.2,NA,NA,NA,NA,NA,NA
2014-12-25,11:25,roel alleen,1,2014-12-25T10:25:00Z,donderdag,11.4166666666667,ochtend,5.6,1.4,135,5,1024.2,NA,NA,NA,NA,NA,NA
2014-12-25,11:06,roel alleen,1,2014-12-25T10:06:00Z,donderdag,11.1,ochtend,5.6,1.4,135,5,1024.2,NA,NA,NA,NA,NA,NA
2014-12-24,13:32,roel alleen,1,2014-12-24T12:32:00Z,woensdag,13.5333333333333,middag,8.6,0.3,109,6.3,1014.6,425.970001,427.440002,425.329987,425.570007,0,425.570007
2014-12-24,09:21,roel alleen,1,2014-12-24T08:21:00Z,woensdag,9.35,ochtend,8.6,0.3,109,6.3,1014.6,425.970001,427.440002,425.329987,425.570007,0,425.570007
2014-12-23,20:54,roel alleen,1,2014-12-23T19:54:00Z,dinsdag,20.9,avond,11.1,5.4,361,0,1015.6,423.040009,426.769989,422.640015,426.769989,0,426.769989
2014-12-23,13:49,roel alleen,1,2014-12-23T12:49:00Z,dinsdag,13.8166666666667,middag,11.1,5.4,361,0,1015.6,423.040009,426.769989,422.640015,426.769989,0,426.769989
2014-12-23,10:54,roel alleen,1,2014-12-23T09:54:00Z,dinsdag,10.9,ochtend,11.1,5.4,361,0,1015.6,423.040009,426.769989,422.640015,426.769989,0,426.769989
2014-12-23,09:41,roel alleen,1,2014-12-23T08:41:00Z,dinsdag,9.68333333333333,ochtend,11.1,5.4,361,0,1015.6,423.040009,426.769989,422.640015,426.769989,0,426.769989
2014-12-22,09:16,roel alleen,1,2014-12-22T08:16:00Z,maandag,9.26666666666667,ochtend,11.6,0,67,0.9,1015.8,419.76001,424.079987,419.76001,421.579987,0,421.579987
2014-12-21,15:37,roel alleen,1,2014-12-21T14:37:00Z,zondag,15.6166666666667,middag,8.8,0,126,0,1024.2,NA,NA,NA,NA,NA,NA
2014-12-21,15:16,roel alleen,1,2014-12-21T14:16:00Z,zondag,15.2666666666667,middag,8.8,0,126,0,1024.2,NA,NA,NA,NA,NA,NA
2014-12-21,11:11,roel alleen,1,2014-12-21T10:11:00Z,zondag,11.1833333333333,ochtend,8.8,0,126,0,1024.2,NA,NA,NA,NA,NA,NA
2014-12-20,15:23,roel alleen,1,2014-12-20T14:23:00Z,zaterdag,15.3833333333333,middag,8,0,122,3.7,1021.3,NA,NA,NA,NA,NA,NA
2014-12-20,15:20,roel alleen,1,2014-12-20T14:20:00Z,zaterdag,15.3333333333333,middag,8,0,122,3.7,1021.3,NA,NA,NA,NA,NA,NA
2014-12-20,10:54,roel alleen,1,2014-12-20T09:54:00Z,zaterdag,10.9,ochtend,8,0,122,3.7,1021.3,NA,NA,NA,NA,NA,NA
2014-12-20,10:46,roel alleen,1,2014-12-20T09:46:00Z,zaterdag,10.7666666666667,ochtend,8,0,122,3.7,1021.3,NA,NA,NA,NA,NA,NA
2014-12-19,13:10,roel alleen,1,2014-12-19T12:10:00Z,vrijdag,13.1666666666667,middag,9.4,2.6,208,8.5,1012.2,420.660004,421.350006,414.390015,418.369995,0,418.369995
2014-12-19,09:09,roel alleen,1,2014-12-19T08:09:00Z,vrijdag,9.15,ochtend,9.4,2.6,208,8.5,1012.2,420.660004,421.350006,414.390015,418.369995,0,418.369995
2014-12-18,21:59,roel alleen,1,2014-12-18T20:59:00Z,donderdag,21.9833333333333,avond,11.7,0.2,127,1.1,1008.3,410.089996,416.559998,407.970001,416.440002,128151200,416.440002
2014-12-18,16:11,roel alleen,1,2014-12-18T15:11:00Z,donderdag,16.1833333333333,middag,11.7,0.2,127,1.1,1008.3,410.089996,416.559998,407.970001,416.440002,128151200,416.440002
2014-12-18,11:35,roel alleen,1,2014-12-18T10:35:00Z,donderdag,11.5833333333333,ochtend,11.7,0.2,127,1.1,1008.3,410.089996,416.559998,407.970001,416.440002,128151200,416.440002
2014-12-17,20:25,roel alleen,1,2014-12-17T19:25:00Z,woensdag,20.4166666666667,avond,8.7,0,61,3.5,1004.9,399.160004,404.529999,397.089996,403.459991,107624500,403.459991
2014-12-17,09:45,roel alleen,1,2014-12-17T08:45:00Z,woensdag,9.75,ochtend,8.7,0,61,3.5,1004.9,399.160004,404.529999,397.089996,403.459991,107624500,403.459991
2014-12-17,09:45,roel alleen,1,2014-12-17T08:45:00Z,woensdag,9.75,ochtend,8.7,0,61,3.5,1004.9,399.160004,404.529999,397.089996,403.459991,107624500,403.459991
2014-12-16,10:05,roel alleen,1,2014-12-16T09:05:00Z,dinsdag,10.0833333333333,ochtend,6.1,2,196,0.7,1011.8,397.660004,404.170013,389.309998,403.790009,177484100,403.790009
2014-12-16,10:05,roel alleen,1,2014-12-16T09:05:00Z,dinsdag,10.0833333333333,ochtend,6.1,2,196,0.7,1011.8,397.660004,404.170013,389.309998,403.790009,177484100,403.790009
2014-12-12,10:23,roel alleen,1,2014-12-12T09:23:00Z,vrijdag,10.3833333333333,ochtend,7.7,0,52,15.2,996.6,413.660004,414.350006,405.630005,406.170013,100317800,406.170013
2014-12-12,10:07,roel alleen,1,2014-12-12T09:07:00Z,vrijdag,10.1166666666667,ochtend,7.7,0,52,15.2,996.6,413.660004,414.350006,405.630005,406.170013,100317800,406.170013
2014-12-11,10:21,roel alleen,1,2014-12-11T09:21:00Z,donderdag,10.35,ochtend,7.7,1,134,6.8,1005.8,415.350006,418.519989,413.890015,416.769989,82329000,416.769989
2014-12-10,16:31,roel alleen,1,2014-12-10T15:31:00Z,woensdag,16.5166666666667,middag,7.7,6,365,6.9,1012.8,419.309998,421.390015,415.640015,416.709991,89327900,416.709991
2014-12-10,12:35,roel alleen,1,2014-12-10T11:35:00Z,woensdag,12.5833333333333,middag,7.7,6,365,6.9,1012.8,419.309998,421.390015,415.640015,416.709991,89327900,416.709991
2014-12-10,12:29,roel alleen,1,2014-12-10T11:29:00Z,woensdag,12.4833333333333,middag,7.7,6,365,6.9,1012.8,419.309998,421.390015,415.640015,416.709991,89327900,416.709991
2014-12-10,10:15,roel alleen,1,2014-12-10T09:15:00Z,woensdag,10.25,ochtend,7.7,6,365,6.9,1012.8,419.309998,421.390015,415.640015,416.709991,89327900,416.709991
2014-12-10,08:12,roel alleen,1,2014-12-10T07:12:00Z,woensdag,8.2,ochtend,7.7,6,365,6.9,1012.8,419.309998,421.390015,415.640015,416.709991,89327900,416.709991
2014-12-10,06:55,roel alleen,1,2014-12-10T05:55:00Z,woensdag,6.91666666666667,ochtend,7.7,6,365,6.9,1012.8,419.309998,421.390015,415.640015,416.709991,89327900,416.709991
2014-12-09,15:14,roel alleen,1,2014-12-09T14:14:00Z,dinsdag,15.2333333333333,middag,4.3,1.9,257,0.4,1023.7,423.309998,424.369995,418.160004,418.429993,99858400,418.429993
2014-12-09,13:01,roel alleen,1,2014-12-09T12:01:00Z,dinsdag,13.0166666666667,middag,4.3,1.9,257,0.4,1023.7,423.309998,424.369995,418.160004,418.429993,99858400,418.429993
2014-12-09,09:56,roel alleen,1,2014-12-09T08:56:00Z,dinsdag,9.93333333333333,ochtend,4.3,1.9,257,0.4,1023.7,423.309998,424.369995,418.160004,418.429993,99858400,418.429993
2014-12-09,08:32,roel alleen,1,2014-12-09T07:32:00Z,dinsdag,8.53333333333333,ochtend,4.3,1.9,257,0.4,1023.7,423.309998,424.369995,418.160004,418.429993,99858400,418.429993
2014-12-08,13:27,roel alleen,1,2014-12-08T12:27:00Z,maandag,13.45,middag,5.4,1.7,139,6.3,1016.3,429.649994,430.619995,427.269989,427.269989,60126800,427.269989
2014-12-08,09:57,roel alleen,1,2014-12-08T08:57:00Z,maandag,9.95,ochtend,5.4,1.7,139,6.3,1016.3,429.649994,430.619995,427.269989,427.269989,60126800,427.269989
2014-12-07,15:29,roel alleen,1,2014-12-07T14:29:00Z,zondag,15.4833333333333,middag,5.1,0,74,4.8,1017.1,NA,NA,NA,NA,NA,NA
2014-12-07,11:26,roel alleen,1,2014-12-07T10:26:00Z,zondag,11.4333333333333,ochtend,5.1,0,74,4.8,1017.1,NA,NA,NA,NA,NA,NA
2014-12-07,11:00,roel alleen,1,2014-12-07T10:00:00Z,zondag,11,ochtend,5.1,0,74,4.8,1017.1,NA,NA,NA,NA,NA,NA
2014-12-06,16:08,roel alleen,1,2014-12-06T15:08:00Z,zaterdag,16.1333333333333,middag,4.7,4.2,324,-0.1,1023.8,NA,NA,NA,NA,NA,NA
2014-12-06,16:08,roel alleen,1,2014-12-06T15:08:00Z,zaterdag,16.1333333333333,middag,4.7,4.2,324,-0.1,1023.8,NA,NA,NA,NA,NA,NA
2014-12-06,15:03,roel alleen,1,2014-12-06T14:03:00Z,zaterdag,15.05,middag,4.7,4.2,324,-0.1,1023.8,NA,NA,NA,NA,NA,NA
2014-12-06,14:59,roel alleen,1,2014-12-06T13:59:00Z,zaterdag,14.9833333333333,middag,4.7,4.2,324,-0.1,1023.8,NA,NA,NA,NA,NA,NA
2014-12-06,11:39,roel alleen,1,2014-12-06T10:39:00Z,zaterdag,11.65,ochtend,4.7,4.2,324,-0.1,1023.8,NA,NA,NA,NA,NA,NA
2014-12-05,12:22,roel alleen,1,2014-12-05T11:22:00Z,vrijdag,12.3666666666667,middag,4.2,0,141,2.1,1017.2,426.730011,431.220001,426.690002,431.059998,80066600,431.059998
2014-12-05,10:21,roel alleen,1,2014-12-05T09:21:00Z,vrijdag,10.35,ochtend,4.2,0,141,2.1,1017.2,426.730011,431.220001,426.690002,431.059998,80066600,431.059998
2014-12-05,08:33,roel alleen,1,2014-12-05T07:33:00Z,vrijdag,8.55,ochtend,4.2,0,141,2.1,1017.2,426.730011,431.220001,426.690002,431.059998,80066600,431.059998
2014-12-04,13:44,roel alleen,1,2014-12-04T12:44:00Z,donderdag,13.7333333333333,middag,-0.3,0,70,0,1017.6,430.25,432.220001,422.859985,423.679993,106427900,423.679993
2014-12-03,13:56,roel alleen,1,2014-12-03T12:56:00Z,woensdag,13.9333333333333,middag,-0.1,0,71,-0.1,1022.3,428.529999,429.929993,428.290009,428.609985,70375300,428.609985
2014-12-03,11:13,roel alleen,1,2014-12-03T10:13:00Z,woensdag,11.2166666666667,ochtend,-0.1,0,71,-0.1,1022.3,428.529999,429.929993,428.290009,428.609985,70375300,428.609985
2014-12-03,11:13,roel alleen,1,2014-12-03T10:13:00Z,woensdag,11.2166666666667,ochtend,-0.1,0,71,-0.1,1022.3,428.529999,429.929993,428.290009,428.609985,70375300,428.609985
2014-12-03,08:43,roel alleen,1,2014-12-03T07:43:00Z,woensdag,8.71666666666667,ochtend,-0.1,0,71,-0.1,1022.3,428.529999,429.929993,428.290009,428.609985,70375300,428.609985
2014-12-02,13:25,roel alleen,1,2014-12-02T12:25:00Z,dinsdag,13.4166666666667,middag,1.4,0,62,0,1016.4,424.859985,428.839996,424.640015,428.480011,88318800,428.480011
2014-12-02,09:10,roel alleen,1,2014-12-02T08:10:00Z,dinsdag,9.16666666666667,ochtend,1.4,0,62,0,1016.4,424.859985,428.839996,424.640015,428.480011,88318800,428.480011
2014-12-01,13:04,roel alleen,1,2014-12-01T12:04:00Z,maandag,13.0666666666667,middag,1.6,0,47,0,1013.4,422.820007,424.450012,421.609985,423.470001,75867000,423.470001
2014-12-01,12:01,roel alleen,1,2014-12-01T11:01:00Z,maandag,12.0166666666667,middag,1.6,0,47,0,1013.4,422.820007,424.450012,421.609985,423.470001,75867000,423.470001
2014-12-01,09:53,roel alleen,1,2014-12-01T08:53:00Z,maandag,9.88333333333333,ochtend,1.6,0,47,0,1013.4,422.820007,424.450012,421.609985,423.470001,75867000,423.470001
2014-11-30,11:42,roel alleen,1,2014-11-30T10:42:00Z,zondag,11.7,ochtend,2.8,0,58,2.6,1013.1,NA,NA,NA,NA,NA,NA
2014-11-30,10:59,roel alleen,1,2014-11-30T09:59:00Z,zondag,10.9833333333333,ochtend,2.8,0,58,2.6,1013.1,NA,NA,NA,NA,NA,NA
2014-11-30,10:00,roel alleen,1,2014-11-30T09:00:00Z,zondag,10,ochtend,2.8,0,58,2.6,1013.1,NA,NA,NA,NA,NA,NA
2014-11-29,19:59,roel alleen,1,2014-11-29T18:59:00Z,zaterdag,19.9833333333333,avond,3.1,6.3,386,0,1014.2,NA,NA,NA,NA,NA,NA
2014-11-29,11:01,roel alleen,1,2014-11-29T10:01:00Z,zaterdag,11.0166666666667,ochtend,3.1,6.3,386,0,1014.2,NA,NA,NA,NA,NA,NA
2014-11-28,15:00,roel alleen,1,2014-11-28T14:00:00Z,vrijdag,15,middag,6.7,0.3,168,0,1008.4,425.559998,426.019989,422.970001,425.859985,85080500,425.859985
2014-11-28,11:17,roel alleen,1,2014-11-28T10:17:00Z,vrijdag,11.2833333333333,ochtend,6.7,0.3,168,0,1008.4,425.559998,426.019989,422.970001,425.859985,85080500,425.859985
2014-11-27,14:22,roel alleen,1,2014-11-27T13:22:00Z,donderdag,14.3666666666667,middag,7.4,0,103,1,1006.9,425.089996,426.98999,425.040009,425.75,73926900,425.75
2014-11-27,13:17,roel alleen,1,2014-11-27T12:17:00Z,donderdag,13.2833333333333,middag,7.4,0,103,1,1006.9,425.089996,426.98999,425.040009,425.75,73926900,425.75
2014-11-27,10:05,roel alleen,1,2014-11-27T09:05:00Z,donderdag,10.0833333333333,ochtend,7.4,0,103,1,1006.9,425.089996,426.98999,425.040009,425.75,73926900,425.75
2014-11-26,15:59,roel alleen,1,2014-11-26T14:59:00Z,woensdag,15.9833333333333,middag,5,0.2,196,1.1,1013.7,424.019989,425.480011,423.5,423.970001,60791800,423.970001
2014-11-26,13:09,roel alleen,1,2014-11-26T12:09:00Z,woensdag,13.15,middag,5,0.2,196,1.1,1013.7,424.019989,425.480011,423.5,423.970001,60791800,423.970001
2014-11-26,11:02,roel alleen,1,2014-11-26T10:02:00Z,woensdag,11.0333333333333,ochtend,5,0.2,196,1.1,1013.7,424.019989,425.480011,423.5,423.970001,60791800,423.970001
2014-11-26,07:29,roel alleen,1,2014-11-26T06:29:00Z,woensdag,7.48333333333333,ochtend,5,0.2,196,1.1,1013.7,424.019989,425.480011,423.5,423.970001,60791800,423.970001
2014-11-25,13:23,roel alleen,1,2014-11-25T12:23:00Z,dinsdag,13.3833333333333,middag,3.9,3,310,0,1023.8,423.130005,425.75,421.660004,423.179993,100857900,423.179993
2014-11-25,09:14,roel alleen,1,2014-11-25T08:14:00Z,dinsdag,9.23333333333333,ochtend,3.9,3,310,0,1023.8,423.130005,425.75,421.660004,423.179993,100857900,423.179993
2014-11-24,15:29,roel alleen,1,2014-11-24T14:29:00Z,maandag,15.4833333333333,middag,6.3,4.7,365,2,1024.8,423.609985,425.839996,422.320007,422.910004,90747100,422.910004
2014-11-24,10:58,roel alleen,1,2014-11-24T09:58:00Z,maandag,10.9666666666667,ochtend,6.3,4.7,365,2,1024.8,423.609985,425.839996,422.320007,422.910004,90747100,422.910004
2014-11-24,10:48,roel alleen,1,2014-11-24T09:48:00Z,maandag,10.8,ochtend,6.3,4.7,365,2,1024.8,423.609985,425.839996,422.320007,422.910004,90747100,422.910004
2014-11-24,09:10,roel alleen,1,2014-11-24T08:10:00Z,maandag,9.16666666666667,ochtend,6.3,4.7,365,2,1024.8,423.609985,425.839996,422.320007,422.910004,90747100,422.910004
2014-11-23,13:29,roel alleen,1,2014-11-23T12:29:00Z,zondag,13.4833333333333,middag,10.9,2.8,330,4.6,1015.5,NA,NA,NA,NA,NA,NA
2014-11-23,10:15,roel alleen,1,2014-11-23T09:15:00Z,zondag,10.25,ochtend,10.9,2.8,330,4.6,1015.5,NA,NA,NA,NA,NA,NA
2014-11-22,16:12,roel alleen,1,2014-11-22T15:12:00Z,zaterdag,16.2,middag,8.3,3.8,378,-0.1,1016.5,NA,NA,NA,NA,NA,NA
2014-11-22,10:15,roel alleen,1,2014-11-22T09:15:00Z,zaterdag,10.25,ochtend,8.3,3.8,378,-0.1,1016.5,NA,NA,NA,NA,NA,NA
2014-11-22,09:59,roel alleen,1,2014-11-22T08:59:00Z,zaterdag,9.98333333333333,ochtend,8.3,3.8,378,-0.1,1016.5,NA,NA,NA,NA,NA,NA
2014-11-21,13:14,roel alleen,1,2014-11-21T12:14:00Z,vrijdag,13.2333333333333,middag,5.5,6.7,459,-0.1,1021.7,417.890015,424.730011,417.299988,423.459991,141684200,423.459991
2014-11-21,10:01,roel alleen,1,2014-11-21T09:01:00Z,vrijdag,10.0166666666667,ochtend,5.5,6.7,459,-0.1,1021.7,417.890015,424.730011,417.299988,423.459991,141684200,423.459991
2014-11-20,16:02,roel alleen,1,2014-11-20T15:02:00Z,donderdag,16.0333333333333,middag,7,0,122,0,1026.7,417.98999,418.329987,414.369995,416.809998,87192300,416.809998
2014-11-20,09:33,roel alleen,1,2014-11-20T08:33:00Z,donderdag,9.55,ochtend,7,0,122,0,1026.7,417.98999,418.329987,414.369995,416.809998,87192300,416.809998
2014-11-19,16:09,roel alleen,1,2014-11-19T15:09:00Z,woensdag,16.15,middag,8.2,0,86,0,1021.4,416.980011,419.440002,416.130005,417.790009,75945100,417.790009
2014-11-19,13:21,roel alleen,1,2014-11-19T12:21:00Z,woensdag,13.35,middag,8.2,0,86,0,1021.4,416.980011,419.440002,416.130005,417.790009,75945100,417.790009
2014-11-19,09:16,roel alleen,1,2014-11-19T08:16:00Z,woensdag,9.26666666666667,ochtend,8.2,0,86,0,1021.4,416.980011,419.440002,416.130005,417.790009,75945100,417.790009
2014-11-18,09:42,roel alleen,1,2014-11-18T08:42:00Z,dinsdag,9.7,ochtend,8.1,0,99,0.2,1011.7,414.390015,417.809998,413.809998,417.160004,76088700,417.160004
2014-11-17,10:35,roel alleen,1,2014-11-17T09:35:00Z,maandag,10.5833333333333,ochtend,9.4,1.9,319,-0.1,1004.3,408.829987,414.799988,408.609985,414.070007,72971700,414.070007
2014-11-17,09:21,roel alleen,1,2014-11-17T08:21:00Z,maandag,9.35,ochtend,9.4,1.9,319,-0.1,1004.3,408.829987,414.799988,408.609985,414.070007,72971700,414.070007
2014-11-15,11:13,roel alleen,1,2014-11-15T10:13:00Z,zaterdag,11.2166666666667,ochtend,9.5,0,84,11.3,1001.2,NA,NA,NA,NA,NA,NA
2014-11-14,10:59,roel alleen,1,2014-11-14T09:59:00Z,vrijdag,10.9833333333333,ochtend,9.6,0.3,218,6.1,1005.3,412.559998,412.559998,408.98999,411.970001,75836800,411.970001
2014-11-14,09:27,roel alleen,1,2014-11-14T08:27:00Z,vrijdag,9.45,ochtend,9.6,0.3,218,6.1,1005.3,412.559998,412.559998,408.98999,411.970001,75836800,411.970001
2014-11-13,09:20,roel alleen,1,2014-11-13T08:20:00Z,donderdag,9.33333333333333,ochtend,7.3,5.4,502,0,1010.5,412.769989,413.829987,408.869995,411.410004,110072300,411.410004
2015-06-04,16:00,Samen,1,2015-06-04T14:00:00Z,donderdag,16,middag,15.4,15.1,2940,0,1026.1,485.829987,489.399994,478.399994,485.290009,0,485.290009
2015-06-01,15:34,Samen,1,2015-06-01T13:34:00Z,maandag,15.5666666666667,middag,12.6,6.3,2172,-0.1,1014.2,496.880005,498.829987,491.359985,492.25,0,492.25
2015-06-01,15:13,Samen,1,2015-06-01T13:13:00Z,maandag,15.2166666666667,middag,12.6,6.3,2172,-0.1,1014.2,496.880005,498.829987,491.359985,492.25,0,492.25
2015-05-28,10:47,Samen,1,2015-05-28T08:47:00Z,donderdag,10.7833333333333,ochtend,12.6,8.5,1982,-0.1,1013.4,503.059998,504.799988,499.859985,502.23999,0,502.23999
2015-05-28,10:40,Samen,1,2015-05-28T08:40:00Z,donderdag,10.6666666666667,ochtend,12.6,8.5,1982,-0.1,1013.4,503.059998,504.799988,499.859985,502.23999,0,502.23999
2015-05-27,11:11,Samen,1,2015-05-27T09:11:00Z,woensdag,11.1833333333333,ochtend,12.4,8.3,2436,0,1021.4,496.929993,504.769989,496.679993,503.519989,0,503.519989
2015-05-22,16:13,Samen,1,2015-05-22T14:13:00Z,vrijdag,16.2166666666667,middag,13.9,3,1790,0,1024.8,502.100006,503.209991,500.029999,501.890015,0,501.890015
2015-05-21,14:13,Samen,1,2015-05-21T12:13:00Z,donderdag,14.2166666666667,middag,11.9,14.1,2768,0,1025.2,500.75,502.480011,499.51001,502.049988,0,502.049988
2015-05-19,15:09,Samen,1,2015-05-19T13:09:00Z,dinsdag,15.15,middag,10.4,10.8,1986,3.7,1004.9,493.130005,499.700012,492.940002,499.179993,0,499.179993
2015-05-18,15:44,Samen,1,2015-05-18T13:44:00Z,maandag,15.7333333333333,middag,10.5,1.9,668,9.2,1007.3,491.130005,492.829987,484.23999,490.149994,0,490.149994
2015-05-11,18:46,Samen,1,2015-05-11T16:46:00Z,maandag,18.7666666666667,avond,16.4,9.2,2243,0,1019.4,491.399994,493.470001,489.410004,492.75,0,492.75
2015-05-08,07:57,Samen,1,2015-05-08T05:57:00Z,vrijdag,7.95,ochtend,13.9,3.6,1654,0.4,1014.9,482.380005,491.100006,481.559998,490.790009,0,490.790009
2015-05-07,15:31,Samen,1,2015-05-07T13:31:00Z,donderdag,15.5166666666667,middag,11.4,12.4,2488,-0.1,1016.5,474.839996,479.890015,469.820007,478.779999,0,478.779999
2015-05-07,07:45,Samen,1,2015-05-07T05:45:00Z,donderdag,7.75,ochtend,11.4,12.4,2488,-0.1,1016.5,474.839996,479.890015,469.820007,478.779999,0,478.779999
2015-05-06,08:13,Samen,1,2015-05-06T06:13:00Z,woensdag,8.21666666666667,ochtend,11.8,7.4,1577,3.9,1008,482.290009,483.869995,476.959991,478.149994,0,478.149994
2015-05-05,08:51,Samen,1,2015-05-05T06:51:00Z,dinsdag,8.85,ochtend,14.8,9.2,1791,7.3,999.2,490.48999,495.160004,482.320007,482.609985,0,482.609985
2015-05-05,08:18,Samen,1,2015-05-05T06:18:00Z,dinsdag,8.3,ochtend,14.8,9.2,1791,7.3,999.2,490.48999,495.160004,482.320007,482.609985,0,482.609985
2015-05-04,08:00,Samen,1,2015-05-04T06:00:00Z,maandag,8,ochtend,14.6,8.2,2113,3.6,1004.4,488.23999,493.359985,484.549988,491.170013,0,491.170013
2015-05-01,08:01,Samen,1,2015-05-01T06:01:00Z,vrijdag,8.01666666666667,ochtend,8.5,11.1,2267,0,1010.3,NA,NA,NA,NA,NA,NA
2015-04-30,12:03,Samen,1,2015-04-30T10:03:00Z,donderdag,12.05,middag,8.6,11.7,2176,1.7,1011.3,490.029999,491.320007,484.799988,487.850006,0,487.850006
2015-04-30,07:49,Samen,1,2015-04-30T05:49:00Z,donderdag,7.81666666666667,ochtend,8.6,11.7,2176,1.7,1011.3,490.029999,491.320007,484.799988,487.850006,0,487.850006
2015-04-30,07:27,Samen,1,2015-04-30T05:27:00Z,donderdag,7.45,ochtend,8.6,11.7,2176,1.7,1011.3,490.029999,491.320007,484.799988,487.850006,0,487.850006
2015-04-29,07:48,Samen,1,2015-04-29T05:48:00Z,woensdag,7.8,ochtend,8.4,2.2,1119,3.2,1015.1,502.25,503.670013,488.5,489.26001,0,489.26001
2015-04-28,07:46,Samen,1,2015-04-28T05:46:00Z,dinsdag,7.76666666666667,ochtend,6.5,10.8,2133,0.3,1016.4,507.790009,507.970001,498.329987,501.660004,0,501.660004
2015-04-24,08:00,Samen,1,2015-04-24T06:00:00Z,vrijdag,8,ochtend,10.9,9.7,2023,0,1011.6,504.070007,506.209991,502.619995,504.01001,0,504.01001
2015-04-23,07:45,Samen,1,2015-04-23T05:45:00Z,donderdag,7.75,ochtend,8.2,9,2100,0,1020,504.98999,506.820007,499.269989,503,0,503
2015-04-22,15:11,Samen,1,2015-04-22T13:11:00Z,woensdag,15.1833333333333,middag,7.8,0.4,921,0,1029.1,507.549988,508.730011,502.350006,505.720001,0,505.720001
2015-04-22,07:54,Samen,1,2015-04-22T05:54:00Z,woensdag,7.9,ochtend,7.8,0.4,921,0,1029.1,507.549988,508.730011,502.350006,505.720001,0,505.720001
2015-04-21,07:30,Samen,1,2015-04-21T05:30:00Z,dinsdag,7.5,ochtend,8.5,12.4,2298,0,1032.9,503.410004,506.850006,501.130005,503.809998,0,503.809998
2015-04-20,07:34,Samen,1,2015-04-20T05:34:00Z,maandag,7.56666666666667,ochtend,10.1,12.5,2321,0,1029.5,497.279999,501.410004,496.970001,500.730011,0,500.730011
2015-04-20,07:19,Samen,1,2015-04-20T05:19:00Z,maandag,7.31666666666667,ochtend,10.1,12.5,2321,0,1029.5,497.279999,501.410004,496.970001,500.730011,0,500.730011
2015-04-17,15:34,Samen,1,2015-04-17T13:34:00Z,vrijdag,15.5666666666667,middag,8.2,7.5,1665,0,1021.1,502.980011,503.880005,493.279999,495.029999,0,495.029999
2015-04-16,11:10,Samen,1,2015-04-16T09:10:00Z,donderdag,11.1666666666667,ochtend,9.8,10.1,2091,0,1017,508.220001,509.51001,503.850006,504.380005,0,504.380005
2015-04-16,09:14,Samen,1,2015-04-16T07:14:00Z,donderdag,9.23333333333333,ochtend,9.8,10.1,2091,0,1017,508.220001,509.51001,503.850006,504.380005,0,504.380005
2015-04-12,11:29,Samen,1,2015-04-12T09:29:00Z,zondag,11.4833333333333,ochtend,9.6,9.8,1929,0.4,1026.1,NA,NA,NA,NA,NA,NA
2015-04-12,11:11,Samen,1,2015-04-12T09:11:00Z,zondag,11.1833333333333,ochtend,9.6,9.8,1929,0.4,1026.1,NA,NA,NA,NA,NA,NA
2015-04-02,09:52,Samen,1,2015-04-02T07:52:00Z,donderdag,9.86666666666667,ochtend,6,8,1721,3.3,1018.2,491.01001,493.140015,489.910004,492.380005,0,492.380005
2015-04-02,09:36,Samen,1,2015-04-02T07:36:00Z,donderdag,9.6,ochtend,6,8,1721,3.3,1018.2,491.01001,493.140015,489.910004,492.380005,0,492.380005
2015-04-01,10:23,Samen,1,2015-04-01T08:23:00Z,woensdag,10.3833333333333,ochtend,6.8,5.9,1191,2.3,1016.5,486.839996,494.799988,485.829987,490.040009,0,490.040009
2015-03-20,15:11,Samen,1,2015-03-20T14:11:00Z,vrijdag,15.1833333333333,middag,4.7,2.6,819,-0.1,1025.4,497.170013,500.660004,495.450012,499.119995,0,499.119995
2015-03-17,15:26,Samen,1,2015-03-17T14:26:00Z,dinsdag,15.4333333333333,middag,7.1,9.4,1326,0,1025,498.480011,499.299988,492.700012,494.399994,0,494.399994
2015-03-15,12:27,Samen,1,2015-03-15T11:27:00Z,zondag,12.45,middag,5.7,0.2,381,-0.1,1027.8,NA,NA,NA,NA,NA,NA
2015-03-15,11:23,Samen,1,2015-03-15T10:23:00Z,zondag,11.3833333333333,ochtend,5.7,0.2,381,-0.1,1027.8,NA,NA,NA,NA,NA,NA
2015-03-14,12:35,Samen,1,2015-03-14T11:35:00Z,zaterdag,12.5833333333333,middag,3.9,0,276,-0.1,1029.3,NA,NA,NA,NA,NA,NA
2015-03-12,10:53,Samen,1,2015-03-12T09:53:00Z,donderdag,10.8833333333333,ochtend,6,10.7,1454,0,1029.6,492.589996,494.570007,490.910004,491.640015,0,491.640015
2015-03-10,14:51,Samen,1,2015-03-10T13:51:00Z,dinsdag,14.85,middag,6.4,9.3,1349,-0.1,1029.2,486.880005,488.51001,482.130005,483.100006,0,483.100006
2015-03-09,13:04,Samen,1,2015-03-09T12:04:00Z,maandag,13.0666666666667,middag,8,5.7,905,0.6,1026,487.399994,488.209991,484.76001,488.209991,0,488.209991
2015-03-05,09:52,Samen,1,2015-03-05T08:52:00Z,donderdag,9.86666666666667,ochtend,5.8,6.6,978,0,1037.1,484.959991,489.359985,484.829987,488.959991,0,488.959991
2015-03-02,15:41,Samen,1,2015-03-02T14:41:00Z,maandag,15.6833333333333,middag,5.7,6.9,840,0.2,1005.7,484.359985,487.01001,483.369995,485.839996,0,485.839996
2015-02-20,09:45,Samen,1,2015-02-20T08:45:00Z,vrijdag,9.75,ochtend,5.3,0,125,22.9,1005.4,468.980011,469.850006,466.149994,469.850006,0,469.850006
2015-02-13,10:02,Samen,1,2015-02-13T09:02:00Z,vrijdag,10.0333333333333,ochtend,6,6.4,705,-0.1,1011.1,462.429993,466.059998,461.859985,464.899994,0,464.899994
2015-02-12,10:32,Samen,1,2015-02-12T09:32:00Z,donderdag,10.5333333333333,ochtend,3.8,0,178,0,1020.9,457.709991,463.790009,457.709991,460.429993,0,460.429993
2015-02-12,08:27,Samen,1,2015-02-12T07:27:00Z,donderdag,8.45,ochtend,3.8,0,178,0,1020.9,457.709991,463.790009,457.709991,460.429993,0,460.429993
2015-02-11,10:59,Samen,1,2015-02-11T09:59:00Z,woensdag,10.9833333333333,ochtend,4.3,0,170,0,1025.7,455.649994,459.059998,454.829987,458.269989,0,458.269989
2015-02-11,10:45,Samen,1,2015-02-11T09:45:00Z,woensdag,10.75,ochtend,4.3,0,170,0,1025.7,455.649994,459.059998,454.829987,458.269989,0,458.269989
2015-02-02,15:08,Samen,1,2015-02-02T14:08:00Z,maandag,15.1333333333333,middag,3.3,4.6,447,3.8,1000.7,450.600006,451.910004,446.440002,450.76001,0,450.76001
2015-01-30,13:17,Samen,1,2015-01-30T12:17:00Z,vrijdag,13.2833333333333,middag,2.6,3.1,393,2.3,976.1,454,454.649994,448.899994,450.390015,0,450.390015
2015-01-27,15:08,Samen,1,2015-01-27T14:08:00Z,dinsdag,15.1333333333333,middag,5.8,3.9,404,0.4,1022.7,458.339996,459.059998,451.48999,454.459991,0,454.459991
2015-01-27,11:14,Samen,1,2015-01-27T10:14:00Z,dinsdag,11.2333333333333,ochtend,5.8,3.9,404,0.4,1022.7,458.339996,459.059998,451.48999,454.459991,0,454.459991
2015-01-26,15:37,Samen,1,2015-01-26T14:37:00Z,maandag,15.6166666666667,middag,7,0.7,163,1.4,1020.3,452.619995,459.440002,452.619995,459.140015,0,459.140015
2015-01-26,10:28,Samen,1,2015-01-26T09:28:00Z,maandag,10.4666666666667,ochtend,7,0.7,163,1.4,1020.3,452.619995,459.440002,452.619995,459.140015,0,459.140015
2015-01-23,16:32,Samen,1,2015-01-23T15:32:00Z,vrijdag,16.5333333333333,middag,-2.7,3.2,375,0,1025.4,451.019989,457.100006,450.279999,454.559998,0,454.559998
2015-01-22,13:19,Samen,1,2015-01-22T12:19:00Z,donderdag,13.3166666666667,middag,-1,0.2,130,-0.1,1020.2,442.040009,449.029999,440.410004,447.769989,0,447.769989
2015-01-21,11:25,Samen,1,2015-01-21T10:25:00Z,woensdag,11.4166666666667,ochtend,-0.2,0.2,251,0,1012.5,439.98999,441.089996,435.839996,441.089996,0,441.089996
2015-01-20,13:52,Samen,1,2015-01-20T12:52:00Z,dinsdag,13.8666666666667,middag,1.5,2.4,272,0,1012.2,435.970001,439.390015,435.600006,437.920013,0,437.920013
2015-01-16,16:14,Samen,1,2015-01-16T15:14:00Z,vrijdag,16.2333333333333,middag,5.5,4.1,387,2.3,1004,423.369995,433.619995,422.940002,432.980011,0,432.980011
2015-01-16,09:23,Samen,1,2015-01-16T08:23:00Z,vrijdag,9.38333333333333,ochtend,5.5,4.1,387,2.3,1004,423.369995,433.619995,422.940002,432.980011,0,432.980011
2015-01-15,15:29,Samen,1,2015-01-15T14:29:00Z,donderdag,15.4833333333333,middag,8,0,73,12.8,994.6,422.600006,426.619995,411.459991,425.320007,0,425.320007
2015-01-15,10:18,Samen,1,2015-01-15T09:18:00Z,donderdag,10.3,ochtend,8,0,73,12.8,994.6,422.600006,426.619995,411.459991,425.320007,0,425.320007
2015-01-14,10:03,Samen,1,2015-01-14T09:03:00Z,woensdag,10.05,ochtend,4.8,2.2,246,3.7,1006.1,418.440002,425.299988,416.869995,418.329987,0,418.329987
2015-01-13,09:43,Samen,1,2015-01-13T08:43:00Z,dinsdag,9.71666666666667,ochtend,8.2,0.3,94,20.8,1002.7,415.76001,424.709991,414.820007,423.790009,0,423.790009
2015-01-13,09:43,Samen,1,2015-01-13T08:43:00Z,dinsdag,9.71666666666667,ochtend,8.2,0.3,94,20.8,1002.7,415.76001,424.709991,414.820007,423.790009,0,423.790009
2015-01-12,15:25,Samen,1,2015-01-12T14:25:00Z,maandag,15.4166666666667,middag,9.1,0,127,7.2,1011.2,417.049988,421.5,413.630005,418.410004,0,418.410004
2015-01-12,11:46,Samen,1,2015-01-12T10:46:00Z,maandag,11.7666666666667,ochtend,9.1,0,127,7.2,1011.2,417.049988,421.5,413.630005,418.410004,0,418.410004
2015-01-09,11:38,Samen,1,2015-01-09T10:38:00Z,vrijdag,11.6333333333333,ochtend,9.8,0,111,7.1,1015.3,422.410004,424.230011,412.76001,415.589996,0,415.589996
2015-01-07,11:33,Samen,1,2015-01-07T10:33:00Z,woensdag,11.55,ochtend,4.4,4.6,303,2.6,1024.8,411.01001,413.959991,408.600006,411.209991,0,411.209991
2015-01-06,11:08,Samen,1,2015-01-06T10:08:00Z,dinsdag,11.1333333333333,ochtend,3.4,1.2,230,1,1021.7,411.670013,414.619995,406.299988,408.429993,0,408.429993
2015-01-01,11:50,Samen,1,2015-01-01T10:50:00Z,donderdag,11.8333333333333,ochtend,3.8,1.4,187,0.3,1029.4,NA,NA,NA,NA,NA,NA
2014-12-31,19:26,Samen,1,2014-12-31T18:26:00Z,woensdag,19.4333333333333,avond,5.6,4.8,308,0,1034.1,422.839996,424.700012,422.269989,424.470001,0,424.470001
2014-12-23,15:52,Samen,1,2014-12-23T14:52:00Z,dinsdag,15.8666666666667,middag,11.1,5.4,361,0,1015.6,423.040009,426.769989,422.640015,426.769989,0,426.769989
2014-12-22,14:57,Samen,1,2014-12-22T13:57:00Z,maandag,14.95,middag,11.6,0,67,0.9,1015.8,419.76001,424.079987,419.76001,421.579987,0,421.579987
2014-12-22,11:23,Samen,1,2014-12-22T10:23:00Z,maandag,11.3833333333333,ochtend,11.6,0,67,0.9,1015.8,419.76001,424.079987,419.76001,421.579987,0,421.579987
2014-12-19,10:18,Samen,1,2014-12-19T09:18:00Z,vrijdag,10.3,ochtend,9.4,2.6,208,8.5,1012.2,420.660004,421.350006,414.390015,418.369995,0,418.369995
2014-12-18,09:59,Samen,1,2014-12-18T08:59:00Z,donderdag,9.98333333333333,ochtend,11.7,0.2,127,1.1,1008.3,410.089996,416.559998,407.970001,416.440002,128151200,416.440002
2014-12-17,13:15,Samen,1,2014-12-17T12:15:00Z,woensdag,13.25,middag,8.7,0,61,3.5,1004.9,399.160004,404.529999,397.089996,403.459991,107624500,403.459991
2014-12-05,14:55,Samen,1,2014-12-05T13:55:00Z,vrijdag,14.9166666666667,middag,4.2,0,141,2.1,1017.2,426.730011,431.220001,426.690002,431.059998,80066600,431.059998
2014-12-04,09:06,Samen,1,2014-12-04T08:06:00Z,donderdag,9.1,ochtend,-0.3,0,70,0,1017.6,430.25,432.220001,422.859985,423.679993,106427900,423.679993
2014-12-01,15:50,Samen,1,2014-12-01T14:50:00Z,maandag,15.8333333333333,middag,1.6,0,47,0,1013.4,422.820007,424.450012,421.609985,423.470001,75867000,423.470001
2014-11-28,09:14,Samen,1,2014-11-28T08:14:00Z,vrijdag,9.23333333333333,ochtend,6.7,0.3,168,0,1008.4,425.559998,426.019989,422.970001,425.859985,85080500,425.859985
2014-11-25,15:23,Samen,1,2014-11-25T14:23:00Z,dinsdag,15.3833333333333,middag,3.9,3,310,0,1023.8,423.130005,425.75,421.660004,423.179993,100857900,423.179993
2014-11-21,11:00,Samen,1,2014-11-21T10:00:00Z,vrijdag,11,ochtend,5.5,6.7,459,-0.1,1021.7,417.890015,424.730011,417.299988,423.459991,141684200,423.459991
2014-11-20,11:13,Samen,1,2014-11-20T10:13:00Z,donderdag,11.2166666666667,ochtend,7,0,122,0,1026.7,417.98999,418.329987,414.369995,416.809998,87192300,416.809998
2014-11-18,15:30,Samen,1,2014-11-18T14:30:00Z,dinsdag,15.5,middag,8.1,0,99,0.2,1011.7,414.390015,417.809998,413.809998,417.160004,76088700,417.160004
2014-11-17,14:41,Samen,1,2014-11-17T13:41:00Z,maandag,14.6833333333333,middag,9.4,1.9,319,-0.1,1004.3,408.829987,414.799988,408.609985,414.070007,72971700,414.070007
2014-11-14,15:20,Samen,1,2014-11-14T14:20:00Z,vrijdag,15.3333333333333,middag,9.6,0.3,218,6.1,1005.3,412.559998,412.559998,408.98999,411.970001,75836800,411.970001
2014-11-13,12:09,Samen,1,2014-11-13T11:09:00Z,donderdag,12.15,middag,7.3,5.4,502,0,1010.5,412.769989,413.829987,408.869995,411.410004,110072300,411.410004
2015-01-16,09:24,Dre alleen,1,2015-01-16T08:24:00Z,vrijdag,9.4,ochtend,5.5,4.1,387,2.3,1004,423.369995,433.619995,422.940002,432.980011,0,432.980011
2015-01-15,10:34,Dre alleen,1,2015-01-15T09:34:00Z,donderdag,10.5666666666667,ochtend,8,0,73,12.8,994.6,422.600006,426.619995,411.459991,425.320007,0,425.320007
2015-01-14,10:06,Dre alleen,1,2015-01-14T09:06:00Z,woensdag,10.1,ochtend,4.8,2.2,246,3.7,1006.1,418.440002,425.299988,416.869995,418.329987,0,418.329987
2015-01-13,11:17,Dre alleen,1,2015-01-13T10:17:00Z,dinsdag,11.2833333333333,ochtend,8.2,0.3,94,20.8,1002.7,415.76001,424.709991,414.820007,423.790009,0,423.790009
2015-01-13,09:51,Dre alleen,1,2015-01-13T08:51:00Z,dinsdag,9.85,ochtend,8.2,0.3,94,20.8,1002.7,415.76001,424.709991,414.820007,423.790009,0,423.790009
2015-01-13,09:17,Dre alleen,1,2015-01-13T08:17:00Z,dinsdag,9.28333333333333,ochtend,8.2,0.3,94,20.8,1002.7,415.76001,424.709991,414.820007,423.790009,0,423.790009
2015-01-12,15:15,Dre alleen,1,2015-01-12T14:15:00Z,maandag,15.25,middag,9.1,0,127,7.2,1011.2,417.049988,421.5,413.630005,418.410004,0,418.410004
2015-01-12,08:54,Dre alleen,1,2015-01-12T07:54:00Z,maandag,8.9,ochtend,9.1,0,127,7.2,1011.2,417.049988,421.5,413.630005,418.410004,0,418.410004
2015-01-12,06:54,Dre alleen,1,2015-01-12T05:54:00Z,maandag,6.9,ochtend,9.1,0,127,7.2,1011.2,417.049988,421.5,413.630005,418.410004,0,418.410004
2015-01-11,11:47,Dre alleen,1,2015-01-11T10:47:00Z,zondag,11.7833333333333,ochtend,6.6,1.5,253,-0.1,1017.2,NA,NA,NA,NA,NA,NA
2015-01-10,13:48,Dre alleen,1,2015-01-10T12:48:00Z,zaterdag,13.8,middag,9.3,0.5,117,2.3,1010.9,NA,NA,NA,NA,NA,NA
2015-01-10,11:23,Dre alleen,1,2015-01-10T10:23:00Z,zaterdag,11.3833333333333,ochtend,9.3,0.5,117,2.3,1010.9,NA,NA,NA,NA,NA,NA
2015-01-09,11:56,Dre alleen,1,2015-01-09T10:56:00Z,vrijdag,11.9333333333333,ochtend,9.8,0,111,7.1,1015.3,422.410004,424.230011,412.76001,415.589996,0,415.589996
2015-01-09,09:37,Dre alleen,1,2015-01-09T08:37:00Z,vrijdag,9.61666666666667,ochtend,9.8,0,111,7.1,1015.3,422.410004,424.230011,412.76001,415.589996,0,415.589996
2015-01-09,08:50,Dre alleen,1,2015-01-09T07:50:00Z,vrijdag,8.83333333333333,ochtend,9.8,0,111,7.1,1015.3,422.410004,424.230011,412.76001,415.589996,0,415.589996
2015-01-08,12:10,Dre alleen,1,2015-01-08T11:10:00Z,donderdag,12.1666666666667,middag,7.3,0,36,12.4,1020.1,416.600006,424.140015,415.440002,423.070007,0,423.070007
2015-01-07,10:29,Dre alleen,1,2015-01-07T09:29:00Z,woensdag,10.4833333333333,ochtend,4.4,4.6,303,2.6,1024.8,411.01001,413.959991,408.600006,411.209991,0,411.209991
2015-01-07,09:09,Dre alleen,1,2015-01-07T08:09:00Z,woensdag,9.15,ochtend,4.4,4.6,303,2.6,1024.8,411.01001,413.959991,408.600006,411.209991,0,411.209991
2015-01-06,11:06,Dre alleen,1,2015-01-06T10:06:00Z,dinsdag,11.1,ochtend,3.4,1.2,230,1,1021.7,411.670013,414.619995,406.299988,408.429993,0,408.429993
2015-01-05,08:44,Dre alleen,1,2015-01-05T07:44:00Z,maandag,8.73333333333333,ochtend,3.3,0.2,117,0,1030.3,420.059998,424.579987,410.48999,410.940002,0,410.940002
2015-01-05,07:18,Dre alleen,1,2015-01-05T06:18:00Z,maandag,7.3,ochtend,3.3,0.2,117,0,1030.3,420.059998,424.579987,410.48999,410.940002,0,410.940002
2015-01-04,15:38,Dre alleen,1,2015-01-04T14:38:00Z,zondag,15.6333333333333,middag,4.1,4.1,302,0.3,1033.3,NA,NA,NA,NA,NA,NA
2015-01-04,11:31,Dre alleen,1,2015-01-04T10:31:00Z,zondag,11.5166666666667,ochtend,4.1,4.1,302,0.3,1033.3,NA,NA,NA,NA,NA,NA
2015-01-04,10:41,Dre alleen,1,2015-01-04T09:41:00Z,zondag,10.6833333333333,ochtend,4.1,4.1,302,0.3,1033.3,NA,NA,NA,NA,NA,NA
2015-01-01,11:50,Dre alleen,1,2015-01-01T10:50:00Z,donderdag,11.8333333333333,ochtend,3.8,1.4,187,0.3,1029.4,NA,NA,NA,NA,NA,NA
2014-12-31,19:27,Dre alleen,1,2014-12-31T18:27:00Z,woensdag,19.45,avond,5.6,4.8,308,0,1034.1,422.839996,424.700012,422.269989,424.470001,0,424.470001
2014-12-31,13:00,Dre alleen,1,2014-12-31T12:00:00Z,woensdag,13,middag,5.6,4.8,308,0,1034.1,422.839996,424.700012,422.269989,424.470001,0,424.470001
2014-12-31,12:23,Dre alleen,1,2014-12-31T11:23:00Z,woensdag,12.3833333333333,middag,5.6,4.8,308,0,1034.1,422.839996,424.700012,422.269989,424.470001,0,424.470001
2014-12-29,11:32,Dre alleen,1,2014-12-29T10:32:00Z,maandag,11.5333333333333,ochtend,5.2,1.7,198,1.3,1034.9,427.390015,428.320007,422.859985,426.890015,0,426.890015
2014-12-29,11:02,Dre alleen,1,2014-12-29T10:02:00Z,maandag,11.0333333333333,ochtend,5.2,1.7,198,1.3,1034.9,427.390015,428.320007,422.859985,426.890015,0,426.890015
2014-12-28,11:41,Dre alleen,1,2014-12-28T10:41:00Z,zondag,11.6833333333333,ochtend,0.3,6.5,365,0.1,1027.7,NA,NA,NA,NA,NA,NA
2014-12-28,11:11,Dre alleen,1,2014-12-28T10:11:00Z,zondag,11.1833333333333,ochtend,0.3,6.5,365,0.1,1027.7,NA,NA,NA,NA,NA,NA
2014-12-27,14:29,Dre alleen,1,2014-12-27T13:29:00Z,zaterdag,14.4833333333333,middag,1.1,0,42,19.2,1002.7,NA,NA,NA,NA,NA,NA
2014-12-26,15:46,Dre alleen,1,2014-12-26T14:46:00Z,vrijdag,15.7666666666667,middag,3.6,1.4,217,0.2,1024.9,NA,NA,NA,NA,NA,NA
2014-12-26,10:55,Dre alleen,1,2014-12-26T09:55:00Z,vrijdag,10.9166666666667,ochtend,3.6,1.4,217,0.2,1024.9,NA,NA,NA,NA,NA,NA
2014-12-25,13:30,Dre alleen,1,2014-12-25T12:30:00Z,donderdag,13.5,middag,5.6,1.4,135,5,1024.2,NA,NA,NA,NA,NA,NA
2014-12-25,12:57,Dre alleen,1,2014-12-25T11:57:00Z,donderdag,12.95,middag,5.6,1.4,135,5,1024.2,NA,NA,NA,NA,NA,NA
2014-12-23,16:11,Dre alleen,1,2014-12-23T15:11:00Z,dinsdag,16.1833333333333,middag,11.1,5.4,361,0,1015.6,423.040009,426.769989,422.640015,426.769989,0,426.769989
2014-12-23,09:37,Dre alleen,1,2014-12-23T08:37:00Z,dinsdag,9.61666666666667,ochtend,11.1,5.4,361,0,1015.6,423.040009,426.769989,422.640015,426.769989,0,426.769989
2014-12-23,09:37,Dre alleen,1,2014-12-23T08:37:00Z,dinsdag,9.61666666666667,ochtend,11.1,5.4,361,0,1015.6,423.040009,426.769989,422.640015,426.769989,0,426.769989
2014-12-22,14:51,Dre alleen,1,2014-12-22T13:51:00Z,maandag,14.85,middag,11.6,0,67,0.9,1015.8,419.76001,424.079987,419.76001,421.579987,0,421.579987
2014-12-22,11:23,Dre alleen,1,2014-12-22T10:23:00Z,maandag,11.3833333333333,ochtend,11.6,0,67,0.9,1015.8,419.76001,424.079987,419.76001,421.579987,0,421.579987
2014-12-21,12:48,Dre alleen,1,2014-12-21T11:48:00Z,zondag,12.8,middag,8.8,0,126,0,1024.2,NA,NA,NA,NA,NA,NA
2014-12-21,10:11,Dre alleen,1,2014-12-21T09:11:00Z,zondag,10.1833333333333,ochtend,8.8,0,126,0,1024.2,NA,NA,NA,NA,NA,NA
2014-12-20,11:30,Dre alleen,1,2014-12-20T10:30:00Z,zaterdag,11.5,ochtend,8,0,122,3.7,1021.3,NA,NA,NA,NA,NA,NA
2014-12-20,11:30,Dre alleen,1,2014-12-20T10:30:00Z,zaterdag,11.5,ochtend,8,0,122,3.7,1021.3,NA,NA,NA,NA,NA,NA
2014-12-20,09:30,Dre alleen,1,2014-12-20T08:30:00Z,zaterdag,9.5,ochtend,8,0,122,3.7,1021.3,NA,NA,NA,NA,NA,NA
2014-12-19,09:44,Dre alleen,1,2014-12-19T08:44:00Z,vrijdag,9.73333333333333,ochtend,9.4,2.6,208,8.5,1012.2,420.660004,421.350006,414.390015,418.369995,0,418.369995
2014-12-19,07:28,Dre alleen,1,2014-12-19T06:28:00Z,vrijdag,7.46666666666667,ochtend,9.4,2.6,208,8.5,1012.2,420.660004,421.350006,414.390015,418.369995,0,418.369995
2014-12-18,09:43,Dre alleen,1,2014-12-18T08:43:00Z,donderdag,9.71666666666667,ochtend,11.7,0.2,127,1.1,1008.3,410.089996,416.559998,407.970001,416.440002,128151200,416.440002
2014-12-18,07:32,Dre alleen,1,2014-12-18T06:32:00Z,donderdag,7.53333333333333,ochtend,11.7,0.2,127,1.1,1008.3,410.089996,416.559998,407.970001,416.440002,128151200,416.440002
2014-12-17,13:10,Dre alleen,1,2014-12-17T12:10:00Z,woensdag,13.1666666666667,middag,8.7,0,61,3.5,1004.9,399.160004,404.529999,397.089996,403.459991,107624500,403.459991
2014-12-17,07:15,Dre alleen,1,2014-12-17T06:15:00Z,woensdag,7.25,ochtend,8.7,0,61,3.5,1004.9,399.160004,404.529999,397.089996,403.459991,107624500,403.459991
2014-12-16,11:08,Dre alleen,1,2014-12-16T10:08:00Z,dinsdag,11.1333333333333,ochtend,6.1,2,196,0.7,1011.8,397.660004,404.170013,389.309998,403.790009,177484100,403.790009
2014-12-16,06:34,Dre alleen,1,2014-12-16T05:34:00Z,dinsdag,6.56666666666667,ochtend,6.1,2,196,0.7,1011.8,397.660004,404.170013,389.309998,403.790009,177484100,403.790009
2014-12-15,08:47,Dre alleen,1,2014-12-15T07:47:00Z,maandag,8.78333333333333,ochtend,6,1.6,173,5.6,1010.8,405.209991,408.890015,395.609985,396.089996,106704700,396.089996
2014-12-12,11:30,Dre alleen,1,2014-12-12T10:30:00Z,vrijdag,11.5,ochtend,7.7,0,52,15.2,996.6,413.660004,414.350006,405.630005,406.170013,100317800,406.170013
2014-12-11,13:38,Dre alleen,1,2014-12-11T12:38:00Z,donderdag,13.6333333333333,middag,7.7,1,134,6.8,1005.8,415.350006,418.519989,413.890015,416.769989,82329000,416.769989
2014-12-11,11:15,Dre alleen,1,2014-12-11T10:15:00Z,donderdag,11.25,ochtend,7.7,1,134,6.8,1005.8,415.350006,418.519989,413.890015,416.769989,82329000,416.769989
2014-12-10,10:47,Dre alleen,1,2014-12-10T09:47:00Z,woensdag,10.7833333333333,ochtend,7.7,6,365,6.9,1012.8,419.309998,421.390015,415.640015,416.709991,89327900,416.709991
2014-12-10,10:16,Dre alleen,1,2014-12-10T09:16:00Z,woensdag,10.2666666666667,ochtend,7.7,6,365,6.9,1012.8,419.309998,421.390015,415.640015,416.709991,89327900,416.709991
2014-12-07,11:42,Dre alleen,1,2014-12-07T10:42:00Z,zondag,11.7,ochtend,5.1,0,74,4.8,1017.1,NA,NA,NA,NA,NA,NA
2014-12-07,11:17,Dre alleen,1,2014-12-07T10:17:00Z,zondag,11.2833333333333,ochtend,5.1,0,74,4.8,1017.1,NA,NA,NA,NA,NA,NA
2014-12-05,10:08,Dre alleen,1,2014-12-05T09:08:00Z,vrijdag,10.1333333333333,ochtend,4.2,0,141,2.1,1017.2,426.730011,431.220001,426.690002,431.059998,80066600,431.059998
2014-12-05,10:08,Dre alleen,1,2014-12-05T09:08:00Z,vrijdag,10.1333333333333,ochtend,4.2,0,141,2.1,1017.2,426.730011,431.220001,426.690002,431.059998,80066600,431.059998
2014-12-04,14:40,Dre alleen,1,2014-12-04T13:40:00Z,donderdag,14.6666666666667,middag,-0.3,0,70,0,1017.6,430.25,432.220001,422.859985,423.679993,106427900,423.679993
2014-12-03,11:17,Dre alleen,1,2014-12-03T10:17:00Z,woensdag,11.2833333333333,ochtend,-0.1,0,71,-0.1,1022.3,428.529999,429.929993,428.290009,428.609985,70375300,428.609985
2014-12-01,15:50,Dre alleen,1,2014-12-01T14:50:00Z,maandag,15.8333333333333,middag,1.6,0,47,0,1013.4,422.820007,424.450012,421.609985,423.470001,75867000,423.470001
2014-12-01,10:11,Dre alleen,1,2014-12-01T09:11:00Z,maandag,10.1833333333333,ochtend,1.6,0,47,0,1013.4,422.820007,424.450012,421.609985,423.470001,75867000,423.470001
2014-12-01,08:59,Dre alleen,1,2014-12-01T07:59:00Z,maandag,8.98333333333333,ochtend,1.6,0,47,0,1013.4,422.820007,424.450012,421.609985,423.470001,75867000,423.470001
2014-12-01,08:59,Dre alleen,1,2014-12-01T07:59:00Z,maandag,8.98333333333333,ochtend,1.6,0,47,0,1013.4,422.820007,424.450012,421.609985,423.470001,75867000,423.470001
2014-11-30,13:05,Dre alleen,1,2014-11-30T12:05:00Z,zondag,13.0833333333333,middag,2.8,0,58,2.6,1013.1,NA,NA,NA,NA,NA,NA
2014-11-30,10:51,Dre alleen,1,2014-11-30T09:51:00Z,zondag,10.85,ochtend,2.8,0,58,2.6,1013.1,NA,NA,NA,NA,NA,NA
2014-11-29,12:21,Dre alleen,1,2014-11-29T11:21:00Z,zaterdag,12.35,middag,3.1,6.3,386,0,1014.2,NA,NA,NA,NA,NA,NA
2014-11-29,11:01,Dre alleen,1,2014-11-29T10:01:00Z,zaterdag,11.0166666666667,ochtend,3.1,6.3,386,0,1014.2,NA,NA,NA,NA,NA,NA
2014-11-28,10:35,Dre alleen,1,2014-11-28T09:35:00Z,vrijdag,10.5833333333333,ochtend,6.7,0.3,168,0,1008.4,425.559998,426.019989,422.970001,425.859985,85080500,425.859985
2014-11-28,10:35,Dre alleen,1,2014-11-28T09:35:00Z,vrijdag,10.5833333333333,ochtend,6.7,0.3,168,0,1008.4,425.559998,426.019989,422.970001,425.859985,85080500,425.859985
2014-11-28,09:12,Dre alleen,1,2014-11-28T08:12:00Z,vrijdag,9.2,ochtend,6.7,0.3,168,0,1008.4,425.559998,426.019989,422.970001,425.859985,85080500,425.859985
2014-11-27,09:55,Dre alleen,1,2014-11-27T08:55:00Z,donderdag,9.91666666666667,ochtend,7.4,0,103,1,1006.9,425.089996,426.98999,425.040009,425.75,73926900,425.75
2014-11-27,09:55,Dre alleen,1,2014-11-27T08:55:00Z,donderdag,9.91666666666667,ochtend,7.4,0,103,1,1006.9,425.089996,426.98999,425.040009,425.75,73926900,425.75
2014-11-26,13:13,Dre alleen,1,2014-11-26T12:13:00Z,woensdag,13.2166666666667,middag,5,0.2,196,1.1,1013.7,424.019989,425.480011,423.5,423.970001,60791800,423.970001
2014-11-26,13:12,Dre alleen,1,2014-11-26T12:12:00Z,woensdag,13.2,middag,5,0.2,196,1.1,1013.7,424.019989,425.480011,423.5,423.970001,60791800,423.970001
2014-11-25,15:23,Dre alleen,1,2014-11-25T14:23:00Z,dinsdag,15.3833333333333,middag,3.9,3,310,0,1023.8,423.130005,425.75,421.660004,423.179993,100857900,423.179993
2014-11-25,09:07,Dre alleen,1,2014-11-25T08:07:00Z,dinsdag,9.11666666666667,ochtend,3.9,3,310,0,1023.8,423.130005,425.75,421.660004,423.179993,100857900,423.179993
